seller_id,product_id,product_name,price,description,subcategory
1,4725895775,Bulgar,32.99,Networked incremental project,Health Care
3,4552783034,Chick Peas - Dried,70.78,Enhanced reciprocal emulation,Consumer Services
5,1070060348,Flour Pastry Super Fine,94.04,Persevering well-modulated synergy,Consumer Services
6,8900692028,Juice - V8 Splash,56.38,Proactive actuating analyzer,Consumer Services
7,7644835160,Lettuce - Lolla Rosa,34.64,Robust high-level core,Consumer Services
8,6405696613,Blue Curacao - Marie Brizard,47.23,Compatible impactful complexity,Transportation
10,6270171030,Sobe - Berry Energy,23.09,Multi-layered national support,Health Care
11,7447203008,Cookies - Englishbay Chochip,16.51,Multi-channelled 4th generation process improvement,Health Care
12,2092192711,Nantucket Cranberry Juice,37.74,Stand-alone non-volatile customer loyalty,Finance
13,8607964395,Snapple Lemon Tea,12.97,Managed real-time policy,Consumer Services
14,7747546325,Long Island Ice Tea,39.74,Robust object-oriented protocol,Consumer Non-Durables
15,1224798661,Pie Shell - 5,32.85,Sharable upward-trending budgetary management,Consumer Services
16,774907698,"Beef - Ox Tail, Frozen",80.18,Stand-alone asymmetric methodology,Consumer Services
17,3913194066,Triple Sec - Mcguinness,38.84,Sharable foreground definition,Miscellaneous
18,2948551953,Turkey - Ground. Lean,16.71,Stand-alone solution-oriented architecture,Health Care
23,7949374124,Beef - Prime Rib Aaa,21.67,Phased multimedia array,Consumer Services
25,125405720,Squid Ink,65.54,Phased bifurcated info-mediaries,Finance
27,1431533551,Frangelico,20.2,De-engineered object-oriented monitoring,Basic Industries
30,6308682712,Soup - Campbells Beef Noodle,60.81,Exclusive heuristic policy,Miscellaneous
31,7041033451,Lid Tray - 16in Dome,90.76,Phased even-keeled functionalities,Energy
35,547828160,Baking Soda,1.02,User-centric zero defect budgetary management,Public Utilities
36,2705733837,Miso - Soy Bean Paste,53.28,Focused national adapter,Technology
38,5474370598,Wine - Zinfandel California 2002,37.66,Virtual encompassing monitoring,Consumer Services
43,1749871606,Tea - Jasmin Green,16.22,Multi-lateral impactful moderator,Technology
47,6111587832,Pastrami,44.66,Realigned upward-trending function,Finance
48,5396757654,Soup - Campbells Chili,16.41,Fundamental uniform instruction set,Capital Goods
49,7571949294,Oil - Grapeseed Oil,4.41,Re-engineered mission-critical concept,Finance
51,2059686088,"Lemonade - Strawberry, 591 Ml",53.71,Implemented non-volatile open architecture,Public Utilities
54,6731665707,Table Cloth 53x69 White,37.61,Reduced neutral forecast,Health Care
55,2454883317,Coffee - Ristretto Coffee Capsule,24.8,Distributed demand-driven internet solution,Health Care
57,6558163282,Ginger - Ground,23.92,Self-enabling value-added protocol,Energy
58,6956269393,Tomato - Peeled Italian Canned,57.59,Team-oriented analyzing circuit,Health Care
59,3129074368,Table Cloth 62x114 Colour,27.6,Quality-focused directional internet solution,Health Care
60,7716674486,Parsnip,9.86,Object-based logistical protocol,Public Utilities
61,5295821059,"Pork - Bacon, Double Smoked",21.93,Compatible dedicated solution,Energy
62,7056810141,Cherries - Frozen,29.92,Right-sized local array,Miscellaneous
64,4418360441,Barley - Pearl,47.85,Enhanced value-added definition,Finance
65,9048268246,Stainless Steel Cleaner Vision,21.51,Open-source uniform open architecture,Finance
67,6804317052,External Supplier,13.47,Open-source holistic focus group,Health Care
68,4958745957,"Pork - Bacon, Double Smoked",72.49,User-centric high-level adapter,Energy
70,377349759,Pail With Metal Handle 16l White,57.76,User-friendly context-sensitive workforce,Technology
71,768084932,Vodka - Smirnoff,62.36,Secured local adapter,Basic Industries
72,4908737205,Otomegusa Dashi Konbu,66.53,Reactive encompassing Graphical User Interface,Technology
73,9627599181,Wine - Merlot Vina Carmen,13.24,Team-oriented dedicated hardware,Capital Goods
75,478212379,Salt - Celery,87.01,Monitored human-resource info-mediaries,Consumer Services
79,3494269327,Sauce - Balsamic Viniagrette,44.2,Distributed eco-centric contingency,Finance
81,3472857178,Raisin - Golden,61.42,Total optimizing database,Consumer Services
82,4056316929,Lettuce - Lambs Mash,87.88,Intuitive analyzing methodology,Consumer Services
84,5659243330,Cookie Double Choco,18.6,Balanced zero defect migration,Finance
85,9474800886,Vegetable - Base,4.69,Down-sized secondary website,Technology
86,7648485225,Appetizer - Southwestern,46.77,Cross-platform dynamic encoding,Finance
89,5345831694,Clams - Canned,56.35,Up-sized intangible customer loyalty,Basic Industries
90,2572429251,"Juice - Orange, 341 Ml",99.71,Reverse-engineered executive concept,Consumer Services
91,1916719209,Artichokes - Jerusalem,46.77,Cross-group attitude-oriented solution,Basic Industries
93,6379044528,"Lid - Translucent, 3.5 And 6 Oz",73.84,Decentralized hybrid infrastructure,Energy
94,3232563993,Zucchini - Green,10.8,Devolved foreground flexibility,Consumer Services
96,9800921281,"Shrimp - 16/20, Peeled Deviened",64.15,Total logistical database,Consumer Services
100,9878679181,Mushroom Morel Fresh,76.09,Operative multi-tasking policy,Health Care
106,6892910854,Bread Base - Goodhearth,56.11,Grass-roots background leverage,Health Care
108,8792385563,"Jam - Raspberry,jar",10.63,Monitored dynamic throughput,Consumer Durables
109,6600694740,Anchovy In Oil,50.69,Multi-channelled value-added info-mediaries,Consumer Non-Durables
110,1070740289,Propel Sport Drink,88.48,Profound dedicated challenge,Consumer Services
111,2990883860,Magnotta Bel Paese Red,47.65,Seamless stable installation,Miscellaneous
112,7913923535,Pork - Backfat,22.27,Team-oriented solution-oriented policy,Consumer Services
113,5879445413,"Pork - Bacon, Double Smoked",55.8,Centralized heuristic solution,Miscellaneous
117,262607790,"Mushroom - Shitake, Dry",32.58,Face to face scalable structure,Health Care
118,6412255029,Beans - Fava Fresh,75.73,Open-source holistic function,Finance
119,6223430161,"Wine - White, Gewurtzraminer",46.5,Seamless content-based Graphic Interface,Energy
120,3021730768,Wine - Tio Pepe Sherry Fino,42.93,Grass-roots hybrid hardware,Consumer Services
121,7726734689,Kellogs All Bran Bars,33.08,Enhanced zero defect artificial intelligence,Consumer Services
122,1200037133,Cup - Translucent 7 Oz Clear,12.57,Switchable attitude-oriented functionalities,Finance
125,382590663,Wine - Ej Gallo Sonoma,31.09,Centralized heuristic orchestration,Energy
127,5795400134,Eel Fresh,24.99,Up-sized foreground frame,Energy
128,502301308,Wasabi Powder,8.12,Inverse executive function,Public Utilities
129,7724869380,Molasses - Fancy,68.18,Re-engineered contextually-based analyzer,Health Care
130,7035841132,"Brandy - Orange, Mc Guiness",65.78,Proactive bottom-line contingency,Consumer Services
131,4826538894,"Appetizer - Spring Roll, Veg",69.82,Cloned maximized hierarchy,Health Care
134,4562271524,Pork - Backs - Boneless,14.99,Realigned reciprocal system engine,Consumer Services
137,6071814500,Vinegar - Tarragon,43.21,Versatile mobile core,Finance
139,6920495165,Oven Mitts 17 Inch,51.6,Profit-focused coherent interface,Technology
140,9909890480,V8 - Berry Blend,17.44,Cloned tangible architecture,Basic Industries
149,6507405471,Wine - Saint Emilion Calvet,18.94,Synergistic background challenge,Basic Industries
150,3956362145,Grapefruit - White,52.94,Multi-channelled logistical time-frame,Energy
157,7222333984,V8 Splash Strawberry Kiwi,40.17,Extended regional middleware,Health Care
159,7117667786,"Apple - Delicious, Red",98.42,Assimilated bifurcated standardization,Technology
162,2706347236,Wine - Charddonnay Errazuriz,33,Balanced 6th generation support,Technology
163,7496185091,Cocoa Powder - Natural,83.3,Customizable web-enabled circuit,Consumer Services
165,2609065771,Hand Towel,88.11,Quality-focused scalable capacity,Technology
166,4469711960,"Yogurt - Blueberry, 175 Gr",85.65,Sharable global frame,Energy
167,9140874412,Juice - Mango,83.21,Intuitive fresh-thinking capability,Technology
169,9983222060,Flavouring - Rum,5.31,Re-contextualized bottom-line superstructure,Finance
170,5625192414,"Lamb - Whole, Fresh",78,Adaptive mission-critical website,Transportation
172,8212162171,Wine - Zinfandel California 2002,65.68,Multi-channelled logistical task-force,Technology
173,403297792,"Bread - Dark Rye, Loaf",92.33,Future-proofed interactive protocol,Finance
176,8709550376,Apricots - Halves,56.12,Balanced solution-oriented challenge,Transportation
177,6523269116,Kirsch - Schloss,62.01,De-engineered client-driven protocol,Finance
178,5938566001,"Basil - Primerba, Paste",86.06,Pre-emptive incremental core,Health Care
179,4144041518,Rice - Basmati,17.47,Optimized clear-thinking groupware,Finance
183,2220127746,Bread Roll Foccacia,16.69,Sharable contextually-based website,Health Care
186,9539845379,Cilantro / Coriander - Fresh,53.17,Focused 5th generation core,Health Care
188,9119094172,Potatoes - Idaho 100 Count,67.63,Front-line optimizing interface,Finance
189,5348375089,Chinese Lemon Pork,71.94,Team-oriented 3rd generation database,Finance
192,427104649,Lamb - Rack,7.88,Triple-buffered fresh-thinking utilisation,Technology
194,3830615529,Sauce - Hollandaise,4.07,Object-based intermediate projection,Consumer Services
195,3200458893,Tahini Paste,11.39,Mandatory asymmetric time-frame,Finance
196,7839108003,Watercress,89.65,Profound analyzing conglomeration,Consumer Durables
197,5773826342,Magnotta Bel Paese Red,16.24,Diverse context-sensitive software,Finance
198,2487839545,Muffin Mix - Morning Glory,79.94,Multi-layered systemic task-force,Consumer Services
199,7567109907,"Brandy - Orange, Mc Guiness",39.46,Managed global circuit,Consumer Services
201,8473097445,Bandage - Flexible Neon,92.34,Secured global system engine,Consumer Services
204,7427730697,"Capon - Breast, Wing On",42.8,Pre-emptive incremental strategy,Technology
206,9102215807,Beans - Green,61.55,Profound interactive protocol,Technology
207,317386323,Walkers Special Old Whiskey,88.03,Profit-focused systemic throughput,Technology
208,6399881001,Soup - Cream Of Broccoli,42.85,Future-proofed neutral interface,Technology
214,3467188868,Egg Patty Fried,1.4,Universal content-based archive,Technology
215,522333369,Coconut Milk - Unsweetened,15.14,Front-line optimal access,Technology
216,4063663882,Compound - Raspberry,21.19,Switchable background focus group,Capital Goods
218,8735657193,Cookie Dough - Chocolate Chip,76.66,Pre-emptive local time-frame,Finance
219,5339218364,Cake - Bande Of Fruit,30.29,Assimilated system-worthy capability,Public Utilities
220,6144503988,"Beer - Alexander Kieths, Pale Ale",28.8,Cross-group interactive software,Health Care
225,3516920172,Pastry - Mini French Pastries,67.46,Mandatory upward-trending website,Energy
228,2670060793,French Pastries,14.63,Customizable 4th generation conglomeration,Finance
232,9001702582,Mix - Cocktail Strawberry Daiquiri,78.97,Synchronised incremental moderator,Health Care
233,9919043044,Chocolate - Semi Sweet,93.87,Total holistic synergy,Finance
235,8004390692,Veal - Inside,90.09,Streamlined responsive framework,Finance
236,4979011403,Wine - Pinot Grigio Collavini,2.12,Programmable bifurcated definition,Technology
237,7993594160,Petit Baguette,87,Fundamental incremental service-desk,Public Utilities
238,4605103953,Shrimp - Black Tiger 26/30,66.59,Focused maximized task-force,Consumer Services
240,4894164087,Sauce - Balsamic Viniagrette,51.99,Triple-buffered radical algorithm,Transportation
242,3386340850,Lobster - Cooked,66.44,Open-architected web-enabled matrices,Energy
246,6803062867,Wine - Mondavi Coastal Private,84.68,Ameliorated even-keeled attitude,Health Care
252,1026752220,Appetizer - Mushroom Tart,44.87,Adaptive didactic functionalities,Finance
253,6801106294,Salt - Table,99.33,Grass-roots multi-tasking project,Health Care
254,1524119140,Pepperoni Slices,15.61,Balanced methodical migration,Technology
255,1195319660,Ecolab - Hobart Upr Prewash Arm,60.86,Realigned human-resource function,Consumer Services
256,1456651762,Lime Cordial - Roses,34.55,Persistent content-based website,Health Care
257,2948506710,Creme De Menthe Green,73.23,Cross-platform holistic task-force,Consumer Non-Durables
258,9131007730,"Sauce - Gravy, Au Jus, Mix",36.91,Up-sized bandwidth-monitored analyzer,Health Care
260,3000769405,Waffle Stix,52.85,Secured cohesive circuit,Consumer Services
262,1553762281,Tamarind Paste,70.02,Secured optimal open architecture,Technology
264,8294770153,Cup - 4oz Translucent,54.91,Cross-platform homogeneous database,Technology
265,9658386490,Bread - Pain Au Liat X12,0.44,Cross-platform 24/7 archive,Public Utilities
266,5969036264,Truffle Cups - Brown,23.4,Devolved systematic encoding,Health Care
268,3317048273,"Chicken - Thigh, Bone In",22.89,Face to face composite Graphical User Interface,Health Care
269,3465216782,"Yogurt - Banana, 175 Gr",35.24,Managed optimizing knowledge user,Finance
272,1705926288,Chips - Doritos,30.95,Cloned needs-based matrix,Energy
273,3436105021,"Pepsi, 355 Ml",31.64,Digitized foreground focus group,Finance
274,4770219121,Spice - Chili Powder Mexican,65.78,Universal methodical parallelism,Basic Industries
279,6866552800,Tuna - Bluefin,28.37,Customizable full-range capacity,Finance
282,6851333204,Pastry - Chocolate Marble Tea,9.37,Synchronised holistic firmware,Technology
284,3389544239,Fennel,72.09,Open-source actuating knowledge user,Technology
285,5137836818,Vaccum Bag - 14x20,11.7,Face to face background knowledge base,Public Utilities
286,9043037490,Eggplant - Regular,47.67,Exclusive logistical definition,Health Care
288,1386590722,Hot Chocolate - Individual,38.7,Persistent non-volatile forecast,Technology
289,7165531888,Longos - Grilled Salmon With Bbq,94.76,Devolved real-time encryption,Basic Industries
291,5330890001,The Pop Shoppe - Cream Soda,46.96,Vision-oriented regional service-desk,Technology
292,6497233320,Molasses - Fancy,66.56,Business-focused motivating workforce,Technology
293,164014678,Rice - Aborio,82.46,Ergonomic needs-based superstructure,Technology
294,1428112371,Chicken - Base,41,Grass-roots bottom-line leverage,Technology
296,8082651075,"Mushrooms - Black, Dried",48.99,Vision-oriented cohesive flexibility,Technology
297,5414584161,"Wine - Magnotta, White",70.08,Business-focused multi-state paradigm,Finance
298,7185642026,"Spoon - Soup, Plastic",97.75,Upgradable incremental success,Health Care
303,5150442469,Cream Of Tartar,75.9,Inverse cohesive policy,Technology
306,5476804093,Plate Pie Foil,62.89,Intuitive responsive time-frame,Technology
309,6702354931,Anchovy In Oil,64.67,Managed contextually-based service-desk,Finance
310,863049472,Broom - Corn,85.3,Quality-focused user-facing collaboration,Finance
311,3780697747,Peas - Frozen,59.6,Optimized zero tolerance parallelism,Consumer Durables
312,4726010204,Coffee - Ristretto Coffee Capsule,81.29,Object-based even-keeled methodology,Technology
315,8579698861,Beef - Tender Tips,64.75,Cross-platform demand-driven instruction set,Health Care
316,9514723808,Wine - Acient Coast Caberne,37.3,Streamlined stable alliance,Technology
318,1359575046,"Lemonade - Black Cherry, 591 Ml",27.64,Multi-tiered methodical circuit,Health Care
319,8602020279,"Soup - Campbells, Butternut",66.44,Profound coherent secured line,Health Care
321,9996836250,Gelatine Leaves - Bulk,89.72,Digitized discrete knowledge base,Technology
322,7650170649,Compound - Passion Fruit,35.66,Multi-channelled composite alliance,Consumer Non-Durables
323,9845705629,Sugar - White Packet,43.24,Polarised leading edge solution,Technology
330,4790190942,Veal - Ground,97.56,Persistent analyzing leverage,Finance
331,7340483019,Longos - Lasagna Veg,34.97,Reduced regional flexibility,Basic Industries
333,6469953890,Glass - Juice Clear 5oz 55005,90.52,Reactive secondary productivity,Technology
335,7968190829,"Water, Tap",51.01,Front-line well-modulated circuit,Technology
336,6992413704,Muffin Hinge Container 6,11.97,Monitored national installation,Public Utilities
339,7085656713,Fennel - Seeds,20.54,Expanded needs-based success,Basic Industries
341,8552444580,Cookie Dough - Double,53.91,Organized client-driven collaboration,Technology
345,3817190230,Veal - Insides Provini,99.59,Upgradable multimedia framework,Technology
346,5751748527,Chips Potato Reg 43g,26.17,Optional bandwidth-monitored budgetary management,Health Care
347,4157108222,Wine - Taylors Reserve,61.85,Optional motivating moratorium,Technology
348,2588991664,Wine - Sauvignon Blanc,66.34,Organic 24 hour initiative,Public Utilities
349,21920184,Shallots,81.73,Customizable background customer loyalty,Technology
351,5427261640,"Iced Tea - Lemon, 340ml",17.68,Balanced zero defect parallelism,Technology
354,7926570655,Bread - Rosemary Focaccia,93.43,Function-based bi-directional artificial intelligence,Finance
355,5165627414,Wine - Sauvignon Blanc Oyster,98.76,Integrated content-based database,Technology
358,8837120409,"Bread - Dark Rye, Loaf",92.48,Enterprise-wide 3rd generation ability,Public Utilities
360,6428513017,"Juice - Grape, White",13.49,Persevering static orchestration,Technology
361,9814607956,Mix - Cocktail Ice Cream,61.27,Universal eco-centric framework,Consumer Services
362,814808657,Paper Cocktail Umberlla 80 - 180,88.67,Innovative client-server leverage,Finance
363,5554971320,Cheese Cheddar Processed,93.67,Ergonomic regional throughput,Technology
364,3838596882,Arctic Char - Fillets,65.6,Horizontal multi-state hierarchy,Health Care
367,9126973561,"Lamb - Leg, Diced",13.87,Profound actuating paradigm,Health Care
375,2552401121,"Schnappes - Peach, Walkers",4.91,Stand-alone reciprocal challenge,Health Care
377,8096042319,Bacardi Mojito,84.78,User-centric optimizing internet solution,Finance
381,790425188,Tea - Black Currant,8.8,Programmable systemic installation,Consumer Services
390,4746722785,Beets - Golden,77.12,Synergized executive open system,Health Care
391,348802361,Ecolab - Ster Bac,56.51,Cross-group 24 hour alliance,Finance
392,3205085652,"Extract - Vanilla,artificial",7.94,User-friendly contextually-based capability,Basic Industries
397,9118427979,Mace Ground,87.33,Expanded fresh-thinking function,Finance
398,290201833,"Turkey - Breast, Double",72.64,User-centric neutral intranet,Energy
399,1972770091,Pork - Belly Fresh,58.93,Devolved client-driven protocol,Health Care
401,6987304709,Cilantro / Coriander - Fresh,84.14,Operative static encryption,Consumer Non-Durables
403,2572817180,Sauce - Soy Low Sodium - 3.87l,62.92,Total fault-tolerant synergy,Public Utilities
405,3198486393,Calypso - Pineapple Passion,69.44,Pre-emptive 24/7 methodology,Finance
407,626067266,Sauce - Marinara,27.85,Organized interactive utilisation,Basic Industries
410,4528794355,Cookies - Assorted,81.08,Open-source 6th generation encoding,Technology
414,7473371934,Dome Lid Clear P92008h,27,Sharable impactful capacity,Health Care
416,4007055682,"Syrup - Monin, Irish Cream",86.12,Integrated non-volatile task-force,Technology
417,1760661901,Lettuce - Iceberg,82.66,Persevering logistical protocol,Consumer Services
418,7687719614,"Tomatoes - Vine Ripe, Red",66.65,Multi-channelled composite knowledge user,Technology
419,8160066393,Pie Filling - Apple,10.87,Re-engineered value-added system engine,Finance
422,7385964317,"Flour - Corn, Fine",58.42,Sharable motivating contingency,Technology
426,2220893985,"Octopus - Baby, Cleaned",53.74,Optimized impactful core,Basic Industries
428,6284396711,"Wine - Red, Marechal Foch",9.94,Networked bottom-line neural-net,Finance
429,9370283392,"Pork - Ham, Virginia",40.43,Extended tertiary parallelism,Health Care
430,4927911026,Soupcontfoam16oz 116con,74.76,Object-based solution-oriented productivity,Consumer Services
432,7736529264,Milk - Buttermilk,9.72,Multi-tiered 24 hour open system,Consumer Services
433,3282388537,Ice Cream - Vanilla,51.31,Adaptive next generation moratorium,Capital Goods
434,3988297214,"Pasta - Fettuccine, Dry",63.06,Down-sized background artificial intelligence,Energy
435,2914979938,Island Oasis - Sweet And Sour Mix,27.43,Stand-alone exuding access,Technology
436,6491706696,"Lemonade - Black Cherry, 591 Ml",15.76,Expanded well-modulated data-warehouse,Consumer Non-Durables
437,4178894119,Cheese - Mascarpone,91.64,Innovative static orchestration,Consumer Services
438,4884795414,Wine - Savigny - Les - Beaune,98.85,Advanced directional solution,Finance
441,7113125368,Muffin Mix - Oatmeal,34.89,Open-source foreground installation,Consumer Services
442,526829109,Kellogs Cereal In A Cup,59.86,Ergonomic system-worthy support,Consumer Services
443,6713620848,"Ice - Clear, 300 Lb For Carving",31.19,Future-proofed asynchronous customer loyalty,Finance
444,6980340178,Tea - English Breakfast,92.28,Extended holistic flexibility,Transportation
445,7372467106,Campari,8.62,Reverse-engineered zero administration policy,Basic Industries
447,363851034,Beef Flat Iron Steak,61.72,Synergistic bandwidth-monitored portal,Finance
449,9509612499,Container - Foam Dixie 12 Oz,99.18,Ameliorated modular hierarchy,Finance
450,7915606790,Wine - Jafflin Bourgongone,72.4,Visionary executive moderator,Technology
456,4808332905,"Pasta - Bauletti, Chicken White",41.61,Ergonomic zero defect intranet,Capital Goods
460,5567424744,"Turkey - Breast, Boneless Sk On",36.57,Down-sized optimal software,Basic Industries
463,2502080996,Sponge Cake Mix - Chocolate,89.53,Cross-group composite Graphic Interface,Finance
466,372979984,Cheese - Goat,16.7,Innovative human-resource focus group,Finance
467,4718193195,Chocolate Bar - Smarties,99.89,Up-sized 24 hour firmware,Technology
469,1441571981,"Tomatoes - Vine Ripe, Red",54.72,Profound mobile superstructure,Energy
470,3067753048,Bread - Hamburger Buns,32.79,Team-oriented explicit definition,Health Care
472,598877764,Garbage Bag - Clear,11.23,Profound intangible encoding,Finance
474,5256273373,Broom - Corn,59.95,Monitored impactful application,Technology
480,6875514333,Sobe - Cranberry Grapefruit,59.09,Diverse radical benchmark,Health Care
481,8864542395,Corn - Mini,43.24,Enhanced bottom-line standardization,Capital Goods
485,8074523314,Turkey - Ground. Lean,88.05,Up-sized optimal protocol,Finance
488,7849762307,"Mushroom - Porcini, Dry",32.09,Fundamental needs-based firmware,Finance
490,9370625941,Cocktail Napkin Blue,17.01,Ergonomic demand-driven function,Finance
493,4151809629,Filter - Coffee,75.88,Persevering global encryption,Health Care
500,3241599965,"Juice - Tomato, 10 Oz",95.62,Triple-buffered static framework,Consumer Services
502,453000746,Chocolate - Dark Callets,15.2,Re-contextualized intangible orchestration,Capital Goods
503,4413793071,Ginger - Crystalized,52.78,User-friendly static structure,Consumer Durables
504,6794901034,Lotus Rootlets - Canned,16.39,Profound bi-directional analyzer,Public Utilities
505,6364397755,Ice Cream Bar - Hageen Daz To,43.24,Secured motivating help-desk,Consumer Non-Durables
506,5518751421,Ice Cream - Turtles Stick Bar,73.54,Multi-lateral object-oriented functionalities,Capital Goods
513,5034816243,Container - Foam Dixie 12 Oz,91.73,Robust 24/7 flexibility,Health Care
514,7661537142,Glass - Juice Clear 5oz 55005,69.87,Reduced leading edge protocol,Capital Goods
516,8773168160,"Fish - Soup Base, Bouillon",16.48,Advanced 5th generation orchestration,Consumer Services
517,5252768375,Fuji Apples,51.7,Fully-configurable composite structure,Technology
518,7352012097,Pumpkin,93.39,Diverse fresh-thinking leverage,Basic Industries
520,5898698729,Bananas,70.73,Secured user-facing process improvement,Finance
522,5949266557,Ginger - Fresh,67.49,Vision-oriented encompassing architecture,Capital Goods
523,7996981361,French Kiss Vanilla,96.85,Centralized neutral encryption,Health Care
527,4987634132,Cheese - Mix,10.87,Exclusive foreground contingency,Capital Goods
528,65488119,Cheese Cloth No 100,94.57,Re-engineered local hierarchy,Public Utilities
533,3482063019,Buffalo - Striploin,84.8,Multi-layered national structure,Energy
535,8343071212,"Lemonade - Kiwi, 591 Ml",4.11,Integrated content-based help-desk,Public Utilities
536,9465310766,Beer - Moosehead,7.67,Cross-group logistical structure,Finance
541,381265748,Pork - Kidney,33.58,Face to face mobile product,Health Care
545,9394237272,"Yogurt - Raspberry, 175 Gr",32.84,Re-contextualized explicit portal,Energy
546,2620426474,Aspic - Clear,93.8,Multi-lateral value-added database,Technology
548,7105202615,Bread - Malt,89.82,Exclusive maximized data-warehouse,Public Utilities
549,4281572755,Cucumber - Pickling Ontario,91.87,Organic reciprocal productivity,Health Care
551,7654711924,"Pork - Back, Short Cut, Boneless",5.87,Expanded static info-mediaries,Consumer Durables
554,9237565420,Cheese - Le Cru Du Clocher,59.56,Focused 5th generation knowledge user,Capital Goods
560,2371057827,Filter - Coffee,71.35,Organized modular concept,Capital Goods
561,8978645144,Chocolate - Mi - Amere Semi,92.43,Ameliorated intermediate emulation,Finance
562,4930253947,Ice Cream - Chocolate,47.96,Public-key didactic neural-net,Public Utilities
563,4835249964,Tray - 16in Rnd Blk,62.74,De-engineered exuding definition,Finance
572,7891467438,"Bread - Roll, Whole Wheat",45.71,Diverse mobile time-frame,Public Utilities
573,7908547614,Jello - Assorted,3.64,Programmable non-volatile collaboration,Consumer Non-Durables
574,6902787341,Octopus,40.46,Balanced motivating ability,Health Care
579,9679853126,Turkey - Ground. Lean,51.49,Integrated leading edge database,Public Utilities
580,7429006332,"Bread - Rolls, Corn",21.77,Diverse transitional data-warehouse,Public Utilities
582,7245386253,"Juice - Cranberry, 341 Ml",51.08,Integrated bifurcated capacity,Capital Goods
586,2810402565,Orange Roughy 6/8 Oz,50.38,Organic composite leverage,Public Utilities
588,1773503358,Sugar Thermometer,21.36,Organic methodical system engine,Miscellaneous
589,2806119855,Soup Campbells Beef With Veg,80.42,Enhanced content-based local area network,Capital Goods
591,4843852951,Aspic - Clear,47.43,Cross-group secondary frame,Consumer Services
593,665676054,Oil - Canola,33.62,Devolved global encoding,Finance
595,9119123736,Guinea Fowl,28.51,Focused national analyzer,Consumer Services
597,3516239742,Beets,57.05,Extended regional function,Finance
600,2631786550,"Wine - White, Ej",93.61,Compatible object-oriented concept,Health Care
610,429522064,Nori Sea Weed,86.28,Reduced systemic concept,Finance
611,6612574904,Flour - Masa De Harina Mexican,76.02,Implemented client-driven application,Public Utilities
615,8036326928,Onions - Cippolini,58.21,Universal multi-tasking time-frame,Technology
616,3999224152,"Asparagus - Green, Fresh",75.24,Profound 24 hour complexity,Public Utilities
618,3848150513,"Lobster - Tail, 3 - 4 Oz",15.89,Versatile real-time application,Public Utilities
620,7890583471,Cake - Pancake,97.35,Open-source web-enabled access,Basic Industries
628,1931613960,Cakes Assorted,64.9,Seamless grid-enabled throughput,Public Utilities
631,4053476316,"Bread - White, Sliced",33.11,Operative user-facing groupware,Basic Industries
632,7405745120,Tea - Lemon Green Tea,58.58,Upgradable homogeneous projection,Energy
633,8413255428,Muffin Mix - Raisin Bran,12.21,Advanced web-enabled groupware,Finance
634,2784463811,Basil - Thai,78.31,Intuitive content-based concept,Basic Industries
637,7393646804,Chips Potato Reg 43g,98.2,Realigned user-facing groupware,Basic Industries
639,3999413675,"Tart Shells - Barquettes, Savory",9.3,Diverse composite model,Basic Industries
640,1812126527,Wine - Pinot Grigio Collavini,52.59,Customer-focused tangible matrix,Health Care
644,3452610359,"Lamb - Racks, Frenched",64.92,Customizable intangible function,Technology
645,1300279527,Muffin - Mix - Mango Sour Cherry,97.62,Multi-layered holistic time-frame,Basic Industries
646,1554101199,"Nut - Walnut, Chopped",71.57,Face to face executive algorithm,Consumer Services
648,2685854786,Instant Coffee,32.78,User-centric fresh-thinking task-force,Consumer Services
649,9133909834,Danishes - Mini Raspberry,39.36,Universal zero tolerance matrix,Basic Industries
652,7662183073,"Beans - Kidney, Red Dry",99.4,Horizontal logistical pricing structure,Technology
653,7888725513,"Nut - Cashews, Whole, Raw",32.05,Balanced non-volatile internet solution,Finance
657,4705485025,"Gin - Gilbeys London, Dry",60.59,Enterprise-wide fresh-thinking support,Energy
658,2338324816,"Doilies - 5, Paper",85.52,Configurable upward-trending system engine,Basic Industries
659,1010928528,Bread - Calabrese Baguette,8.29,Multi-layered responsive success,Basic Industries
661,820785433,Rosemary - Dry,79.42,Multi-layered upward-trending solution,Health Care
664,7282942456,The Pop Shoppe - Lime Rickey,97.79,Monitored 3rd generation projection,Basic Industries
666,9054220985,"Wine - Red, Gallo, Merlot",39.57,Profound fault-tolerant groupware,Health Care
667,2786613771,Wine - Blue Nun Qualitatswein,46.47,Multi-layered didactic policy,Technology
670,8993983765,Fenngreek Seed,85.09,Cross-platform modular approach,Technology
671,7240836734,Bar Mix - Lemon,83.79,Horizontal methodical toolset,Basic Industries
673,2040018908,"Cake Circle, Paprus",38.08,Horizontal fresh-thinking collaboration,Miscellaneous
677,6564529912,Lamb - Ground,48.84,Diverse dynamic toolset,Consumer Services
678,6017463791,Bouillion - Fish,36.5,Enterprise-wide 5th generation service-desk,Consumer Services
679,8553425231,Cheese - Colby,14.59,Fundamental multi-tasking artificial intelligence,Capital Goods
682,8552956316,"Pasta - Spaghetti, Dry",58.27,Integrated mission-critical help-desk,Technology
683,5328741024,Oven Mitts 17 Inch,80.41,Streamlined incremental workforce,Technology
684,356067689,Roe - White Fish,69.79,Pre-emptive bandwidth-monitored Graphic Interface,Finance
685,1786949185,"Soup - Clam Chowder, Dry Mix",30.37,Visionary non-volatile infrastructure,Finance
687,2660679975,"Beef - Roasted, Cooked",20.09,Pre-emptive cohesive concept,Technology
688,3543811192,Island Oasis - Strawberry,32.61,Enhanced fault-tolerant middleware,Basic Industries
691,9606287546,Ecolab - Solid Fusion,43.65,Reduced systemic matrix,Basic Industries
696,6488782357,Octopus,99.08,Centralized zero administration open architecture,Finance
699,4708192274,Veal - Striploin,90.93,Future-proofed modular workforce,Health Care
701,4978965704,Cookie - Oreo 100x2,59.01,Networked multi-state protocol,Consumer Services
702,4606946059,Carbonated Water - White Grape,61.64,Implemented bottom-line analyzer,Health Care
703,2590459827,Mcguinness - Blue Curacao,97.98,Phased methodical process improvement,Consumer Services
704,4481687503,Flavouring Vanilla Artificial,73.34,Reverse-engineered optimizing standardization,Consumer Services
705,26378994,Bread - Italian Sesame Poly,23.16,Decentralized background migration,Consumer Durables
706,1071645927,Cattail Hearts,77.75,Devolved didactic conglomeration,Miscellaneous
707,4002761161,Mayonnaise,67.19,Reverse-engineered even-keeled protocol,Finance
708,790552801,"Soup - Campbells, Creamy",69.61,Extended tangible attitude,Consumer Services
710,8858249009,Ginsing - Fresh,22.91,Persevering neutral hub,Capital Goods
713,2508732235,Rappini - Andy Boy,61.79,Seamless dynamic model,Finance
715,9151920009,Veal - Insides Provini,14.31,Secured attitude-oriented implementation,Technology
717,6084599645,"Nut - Pecan, Halves",44.26,Fundamental intermediate info-mediaries,Health Care
720,1299036987,Mussels - Cultivated,58.67,Front-line tangible knowledge base,Finance
721,6967687581,Salt And Pepper Mix - White,42.11,User-friendly well-modulated application,Health Care
724,2675153369,Pear - Asian,13.09,Persevering responsive knowledge user,Health Care
728,1418608701,Carbonated Water - Wildberry,79.2,Intuitive needs-based portal,Health Care
730,8773607184,Sugar - Invert,94.23,Down-sized zero defect data-warehouse,Consumer Services
732,6363067539,Icecream - Dibs,87.69,Monitored eco-centric strategy,Consumer Services
733,780174896,Thyme - Dried,7.15,Customer-focused dynamic synergy,Finance
735,167250030,Bay Leaf Ground,60.25,Visionary 6th generation flexibility,Basic Industries
736,8842654479,Wine - Black Tower Qr,49.87,Distributed homogeneous contingency,Transportation
737,9652115536,Chocolate Bar - Coffee Crisp,89.94,Stand-alone stable budgetary management,Technology
738,2342282704,Bar - Granola Trail Mix Fruit Nut,59.49,Pre-emptive multimedia leverage,Consumer Non-Durables
739,3770397549,Napkin - Beverage 1 Ply,9.01,Total background customer loyalty,Transportation
740,5066226569,Cheese - Augre Des Champs,90.64,Open-source holistic implementation,Finance
741,9792508642,Cup - Translucent 7 Oz Clear,52.41,Automated demand-driven encoding,Transportation
742,6526026299,Bread Base - Gold Formel,8.45,Visionary bifurcated portal,Transportation
743,4611128941,"Asparagus - White, Fresh",32.7,Intuitive 24/7 budgetary management,Consumer Services
747,4761521147,"Tart Shells - Sweet, 4",52.76,Multi-lateral national function,Transportation
748,5695229625,Veal - Leg,3.86,Re-engineered systematic secured line,Health Care
750,4146282189,Ice Cream Bar - Drumstick,70.76,Multi-tiered background internet solution,Transportation
751,9992848424,Cheese - St. Andre,57.12,Reduced web-enabled project,Transportation
754,1823136512,Cafe Royale,53.15,Persistent disintermediate architecture,Finance
759,1386057145,Kolrabi,58.97,Enhanced hybrid benchmark,Consumer Non-Durables
760,9046200444,Bagel - Plain,4.33,Virtual high-level local area network,Basic Industries
761,9089991595,"Crush - Orange, 355ml",81.27,Focused contextually-based software,Health Care
763,7995311289,Wine - Chianti Classico Riserva,53.26,Ergonomic 4th generation pricing structure,Capital Goods
768,656668102,Sponge Cake Mix - Chocolate,25.9,Networked discrete hierarchy,Transportation
769,1893121393,Sauce - Chili,25.3,Inverse client-driven superstructure,Transportation
770,3475648190,Muffin Batt - Carrot Spice,76.19,Profit-focused tertiary hierarchy,Transportation
771,693704987,Fuji Apples,18.4,Adaptive regional array,Technology
773,7246823976,Beef - Tenderloin,61.68,Distributed intermediate monitoring,Consumer Services
774,6154947626,"Nut - Almond, Blanched, Ground",87.55,Fully-configurable 4th generation frame,Public Utilities
775,9050004759,Mayonnaise,72.12,User-friendly 6th generation service-desk,Technology
778,7605423024,Cake - French Pear Tart,2.39,Exclusive web-enabled intranet,Technology
781,6468725407,Chinese Lemon Pork,40.43,User-centric radical orchestration,Consumer Services
783,3916592152,Daves Island Stinger,42.94,Total real-time moderator,Finance
787,1669698735,Cheese - Provolone,93.19,Integrated exuding extranet,Consumer Non-Durables
790,4252183605,"Bread - White, Sliced",12.99,Extended scalable data-warehouse,Finance
791,3965474939,Herb Du Provence - Primerba,28.85,Stand-alone radical array,Consumer Services
794,4579675425,Soup - Campbells Chili,6.38,Fully-configurable multi-state hierarchy,Finance
795,2186571238,Beets - Golden,18.02,Persistent next generation instruction set,Public Utilities
797,5908276651,Lid Tray - 12in Dome,43.01,Polarised bi-directional data-warehouse,Health Care
798,1666182355,Beef - Eye Of Round,74.13,Devolved user-facing concept,Capital Goods
801,6487670736,Garam Masala Powder,32.89,Operative web-enabled system engine,Finance
806,4093997461,Dawn Professionl Pot And Pan,9.07,Decentralized non-volatile task-force,Health Care
807,5952629633,"Split Peas - Yellow, Dry",40.01,Vision-oriented eco-centric intranet,Health Care
809,1921759021,Icecream Bar - Del Monte,37.24,Innovative asynchronous project,Health Care
810,8458988015,Truffle - Whole Black Peeled,12.17,Innovative dynamic capability,Health Care
813,8242480973,Butter - Salted,27.61,User-friendly content-based model,Capital Goods
815,263951715,Thermometer Digital,95.08,Distributed system-worthy task-force,Basic Industries
817,4770902843,Cake - Mini Potato Pancake,41.35,Multi-layered upward-trending toolset,Health Care
819,6766517571,Beer - True North Strong Ale,18.77,Front-line full-range capability,Health Care
820,4971043058,Wine - Shiraz South Eastern,95.84,Secured asymmetric matrices,Consumer Non-Durables
821,5677268931,Dc Hikiage Hira Huba,97.86,Advanced needs-based access,Health Care
825,5657382393,Catfish - Fillets,69.42,Up-sized even-keeled circuit,Technology
826,20647218,Bagels Poppyseed,68.6,Self-enabling contextually-based Graphic Interface,Technology
828,8949807458,Seedlings - Clamshell,31.85,Focused background product,Consumer Non-Durables
829,902887928,Remy Red,74.97,Enhanced background hub,Finance
830,7745489594,"Asparagus - White, Canned",71.71,Multi-channelled user-facing superstructure,Consumer Durables
831,9074283399,Flavouring - Orange,94.86,Inverse secondary architecture,Finance
835,6372779813,"Beef - Chuck, Boneless",66.61,Organized holistic leverage,Technology
837,5815352431,"Crab - Blue, Frozen",16.82,Virtual intermediate support,Public Utilities
838,828058022,Sweet Pea Sprouts,9.57,Visionary actuating encoding,Basic Industries
840,1743798907,"Bread - Roll, Canadian Dinner",33.41,Synergistic system-worthy knowledge base,Finance
841,2347373998,Veal - Sweetbread,56.12,Cross-platform tertiary definition,Capital Goods
843,7537545808,Flour - Masa De Harina Mexican,95.63,Ameliorated eco-centric adapter,Capital Goods
845,7943239127,Quail - Jumbo Boneless,75.61,Down-sized 24 hour system engine,Capital Goods
846,4189001505,"Soup - Campbells, Minestrone",73.97,Enterprise-wide exuding time-frame,Capital Goods
847,9010281385,Muskox - French Rack,21.76,Self-enabling responsive policy,Basic Industries
848,9872787859,Pastry - Apple Muffins - Mini,95.08,Proactive uniform superstructure,Basic Industries
849,579037214,Higashimaru Usukuchi Soy,97.81,Open-architected multi-tasking projection,Miscellaneous
852,2473469589,Beef - Salted,12.24,Self-enabling content-based parallelism,Miscellaneous
856,729872594,Soy Protein,81.54,Seamless multi-tasking superstructure,Consumer Services
860,4384750488,Chips - Doritos,31.19,Exclusive composite adapter,Capital Goods
861,4756749228,Yukon Jack,0.77,Function-based secondary moratorium,Consumer Services
863,3079829560,Chicken Breast Wing On,10.66,Proactive upward-trending forecast,Finance
864,2021381195,Oyster - In Shell,18.75,Open-architected high-level encryption,Technology
865,1498364136,Smoked Paprika,10.72,Cross-group multi-tasking monitoring,Capital Goods
867,3938832583,Nantuket Peach Orange,10.46,Grass-roots modular help-desk,Finance
870,8950659936,Nantucket - Kiwi Berry Cktl.,17.81,Mandatory 6th generation focus group,Consumer Services
872,319050948,Bread - Hot Dog Buns,79.23,Upgradable high-level complexity,Finance
879,3349509058,White Fish - Filets,25.74,Multi-lateral asymmetric archive,Health Care
880,6238590279,Wine - Chianti Classica Docg,88.57,Programmable foreground help-desk,Technology
884,3029390756,Gelatine Powder,50.49,Open-architected mission-critical implementation,Finance
885,8793483768,Dooleys Toffee,83.04,Realigned multimedia service-desk,Consumer Services
889,3059625787,"Roe - Lump Fish, Red",16.69,Integrated real-time pricing structure,Health Care
890,1488881654,Ocean Spray - Ruby Red,65.35,Versatile didactic portal,Technology
891,8959834890,Rolled Oats,25.83,Multi-layered empowering superstructure,Health Care
892,1868493138,Goldschalger,47.71,Managed leading edge initiative,Finance
893,3680112308,Glass - Juice Clear 5oz 55005,52.72,Object-based needs-based analyzer,Transportation
894,7010643536,Alize Sunset,20.19,Ergonomic web-enabled standardization,Consumer Non-Durables
896,965945872,Mahi Mahi,76.23,Horizontal 6th generation matrices,Health Care
898,8075031623,Eggplant Oriental,68.09,Cross-platform 4th generation strategy,Finance
903,4458469201,Spice - Chili Powder Mexican,89.46,Organic optimal parallelism,Technology
909,1107670006,"Vodka - Lemon, Absolut",85.48,Vision-oriented multimedia synergy,Technology
912,2184123341,Milk - Buttermilk,42.3,Pre-emptive needs-based leverage,Consumer Services
913,676178013,Beer - Camerons Auburn,87.76,Multi-tiered high-level internet solution,Basic Industries
914,6050629965,"Pasta - Rotini, Colour, Dry",83.92,Function-based encompassing archive,Health Care
915,9265175918,Pastry - Lemon Danish - Mini,70.37,Multi-tiered next generation analyzer,Finance
917,1813329297,Amarula Cream,36.09,Robust secondary orchestration,Finance
919,8275146482,Capicola - Hot,70.3,Persistent encompassing emulation,Miscellaneous
920,3554327184,"Soup - Campbells, Butternut",32.41,Proactive logistical info-mediaries,Public Utilities
922,6069901238,"Juice - Apple, 500 Ml",99.16,Object-based real-time moratorium,Public Utilities
926,5869059239,Soup - Campbells Tomato Ravioli,71.5,Visionary zero administration service-desk,Consumer Services
927,8003363930,Longos - Assorted Sandwich,19.06,Operative full-range secured line,Finance
930,8446407618,Apple - Royal Gala,62.32,Assimilated tangible standardization,Finance
937,4708762135,Veal - Sweetbread,62.26,Multi-channelled global neural-net,Finance
938,3245942802,Shopper Bag - S - 4,61.71,Function-based eco-centric paradigm,Technology
939,6097122504,Venison - Denver Leg Boneless,20.79,Profound foreground forecast,Technology
942,5185243503,"Juice - Clamato, 341 Ml",95.85,Implemented mobile flexibility,Consumer Non-Durables
943,8659490391,Cornflakes,45.18,Self-enabling interactive protocol,Energy
944,1807036053,Chocolate Bar - Reese Pieces,17.94,Universal asymmetric hierarchy,Finance
945,2540273140,Bar Energy Chocchip,99.51,Virtual mission-critical internet solution,Public Utilities
949,8062451919,"Beans - Long, Chinese",85.29,Operative user-facing strategy,Capital Goods
952,57773658,Uniform Linen Charge,83.67,Devolved cohesive budgetary management,Consumer Non-Durables
955,4611787243,"Tabasco Sauce, 2 Oz",4.61,Reduced asynchronous Graphical User Interface,Finance
956,2662593242,The Pop Shoppe - Grape,3.03,Stand-alone composite approach,Finance
962,150385818,"Pasta - Lasagna, Dry",16.12,Persistent multi-state system engine,Consumer Services
964,4957946456,Taro Leaves,27.75,Enterprise-wide 24/7 firmware,Technology
966,2968644521,Coffee - Espresso,23.82,Organized client-server database,Basic Industries
967,4780527707,Crawfish,85.37,Optimized scalable portal,Health Care
970,895897148,Peach - Fresh,44.07,Pre-emptive explicit groupware,Health Care
972,3585878938,Sprouts - Baby Pea Tendrils,16.63,Horizontal attitude-oriented conglomeration,Basic Industries
973,9323377895,Truffle Shells - White Chocolate,47.19,Upgradable bottom-line contingency,Consumer Services
975,9406724359,Vanilla Beans,24.34,Persevering radical policy,Finance
978,8784181297,"Trout - Rainbow, Frozen",38.62,Ergonomic context-sensitive algorithm,Finance
980,1784782865,Apple - Custard,88.85,Total optimizing algorithm,Finance
981,9708641162,Kiwano,91.01,Expanded mission-critical access,Consumer Services
984,8387190803,Sprouts - Alfalfa,45.66,Future-proofed maximized Graphical User Interface,Consumer Services
987,8793413116,Gherkin - Sour,0.64,Innovative bifurcated framework,Finance
989,5558122775,"Mushroom - Shitake, Fresh",28.74,Polarised fresh-thinking hardware,Consumer Services
991,3126098177,Chinese Foods - Cantonese,61.57,Polarised heuristic superstructure,Health Care
992,5594987421,Wine - Touraine Azay - Le - Rideau,2.93,Re-contextualized analyzing hardware,Health Care
993,5875209344,Pork Loin Bine - In Frenched,77.49,Decentralized scalable methodology,Health Care
996,1310805026,"Wine - Red, Wolf Blass, Yellow",25.73,Extended explicit standardization,Consumer Services
997,6273500239,Wine - Puligny Montrachet A.,24.94,User-centric asymmetric adapter,Technology
998,6751430463,Bread - Corn Muffaletta,95.25,Cross-group encompassing complexity,Finance
999,8680119165,Swiss Chard - Red,57.42,Sharable stable knowledge user,Consumer Services
1000,9480783378,"Yeast - Fresh, Fleischman",24.5,Versatile executive task-force,Consumer Services
