id,first,last,email,address,password_hash,balance,type
1,Myrtice,Bridell,mbridell0@pagesperso-orange.fr,2355 Bluejay Lane,VRUOpOOO9,215.73,seller
2,Othello,Cappel,ocappel1@dot.gov,66373 Fuller Hill,beb42rXu,160.29,buyer
3,Lucias,Mableson,lmableson2@ucoz.com,03 Northridge Crossing,SIS9gLc,140.72,seller
4,Celisse,Phayre,cphayre3@techcrunch.com,12 Sachs Point,4afrq1oxRnw,110.38,buyer
5,Mehetabel,Tregaskis,mtregaskis4@paypal.com,0477 Gerald Parkway,DOP7xMhf1l,47.3,seller
6,Filia,Keuneke,fkeuneke5@tiny.cc,29325 Moulton Pass,yDqkYJPEk6,143.5,seller
7,Pollyanna,Burg,pburg6@sogou.com,7 Gale Drive,VBzsn9IJ,47.44,seller
8,Jeremias,Fyndon,jfyndon7@meetup.com,5 Old Gate Alley,6oNSNtU4zA,92.96,seller
9,Roderigo,Luke,rluke8@rambler.ru,9860 Scofield Junction,0YRPwJt,117.71,buyer
10,Amity,Falshaw,afalshaw9@cnet.com,42142 Waxwing Junction,CTYY8MBdx7,114.58,seller
11,Adeline,Ridolfi,aridolfia@cisco.com,56 Surrey Crossing,3kD06RI7f,77.16,seller
12,Merridie,Addams,maddamsb@goodreads.com,28 Dennis Court,fUadyYS,55.35,seller
13,Randolf,MacCallam,rmaccallamc@elpais.com,7 Sommers Street,f6rgPJ8lu1,90.14,seller
14,Adriane,Hasnney,ahasnneyd@disqus.com,52005 Forest Run Pass,sqrU2dddM5N,131.33,seller
15,Ingemar,Ridsdell,iridsdelle@tmall.com,6917 Basil Pass,SovtYBdFNqd,165.63,seller
16,Noell,Wardington,nwardingtonf@ucsd.edu,98674 Bayside Court,3tdbCVZdBRud,139.94,seller
17,Mervin,MacNeill,mmacneillg@bloglines.com,53 Hovde Way,qJVyqE,164.53,seller
18,Derek,Picford,dpicfordh@yahoo.com,2260 Chinook Junction,0pSSt6flZPRu,114.57,seller
19,Karel,Gwyneth,kgwynethi@imdb.com,5 Golden Leaf Junction,XzmqqJZc,108.38,buyer
20,Libbie,Todman,ltodmanj@businessinsider.com,50523 Hauk Road,KrjmdDHZAuJ,168.88,buyer
21,Angela,Langthorne,alangthornek@bizjournals.com,70 Manley Avenue,2JG79oe9Qy8U,154.56,buyer
22,Livvyy,Brownsell,lbrownselll@storify.com,63 Manufacturers Drive,BHCH27jTnnY,79.6,buyer
23,Amalia,Flescher,aflescherm@cornell.edu,5 Marquette Avenue,Xa1RyPjTaX,125.14,seller
24,Garv,Camm,gcammn@timesonline.co.uk,0030 Mallard Terrace,qfYcFb6wAh,81.58,buyer
25,Joelie,Readmire,jreadmireo@360.cn,94 Westridge Drive,OS617VnmFWsb,55.87,seller
26,Elliot,Conant,econantp@mapquest.com,101 Mandrake Park,uISwyAIfS4Z,163.82,buyer
27,King,Shieber,kshieberq@google.com.au,6572 Elgar Junction,DzokQMscYr8A,117.07,seller
28,Darius,Tustin,dtustinr@yale.edu,7 Sherman Plaza,FOEFeisic7n,143.4,buyer
29,Gilemette,Gaythwaite,ggaythwaites@mediafire.com,2 Magdeline Terrace,5kop7NGZ7u,141,buyer
30,Maximilianus,Broadbear,mbroadbeart@cbsnews.com,24 Everett Road,hVUIG47Q,108.53,seller
31,Isidora,Sparshett,isparshettu@woothemes.com,40099 Mandrake Avenue,xYWQv0t,40.72,seller
32,Jacki,Westby,jwestbyv@histats.com,0691 Farmco Place,gIAPU0dyXTc,69.65,buyer
33,Aubine,Satchel,asatchelw@google.es,074 Northport Parkway,KwnxkTcRv,83.02,buyer
34,Tad,Larmett,tlarmettx@samsung.com,1086 Portage Park,hKtAp6ckU6,136.65,buyer
35,Lorrie,Dick,ldicky@mysql.com,917 Warrior Circle,5k6vGl86Zw,67.07,seller
36,Lionello,Hynson,lhynsonz@scribd.com,131 Lakewood Gardens Avenue,ddAkyPT9nqmy,99.96,seller
37,Beryle,Wickliffe,bwickliffe10@bloglines.com,46 Blaine Circle,WrEBJP0hIwOG,107.01,buyer
38,Clevey,Townley,ctownley11@jigsy.com,37207 Truax Terrace,DAxbiD2MDYF,24.49,seller
39,Janot,Reekie,jreekie12@earthlink.net,167 Mandrake Circle,bARFmq8a,123.7,buyer
40,Laird,Keogh,lkeogh13@nbcnews.com,622 Linden Plaza,U8jKbe,118.65,buyer
41,Emelyne,Eglin,eeglin14@scientificamerican.com,058 Dayton Street,UUXpLKdH6e,105.53,buyer
42,Aurie,Derycot,aderycot15@slashdot.org,5671 7th Center,gcERBJOFn,93.13,buyer
43,Leanna,Wilding,lwilding16@vkontakte.ru,77123 Columbus Hill,s0b9Hd9Roa,81.53,seller
44,Thorny,Haliburton,thaliburton17@scribd.com,4958 Knutson Place,6TZtaYhw,114.42,buyer
45,Waite,Marsay,wmarsay18@independent.co.uk,47 Havey Alley,kx6Yhx1O1mS,89.17,buyer
46,Simona,Largan,slargan19@rediff.com,46949 Truax Drive,LKuCTFiF,87.41,buyer
47,Bonni,Shallo,bshallo1a@epa.gov,3683 Cherokee Plaza,myLf6T,129.08,seller
48,Cyrus,Abatelli,cabatelli1b@addtoany.com,0853 Kipling Way,Zd7n64baDAkV,112.04,seller
49,Lavina,Gouldsmith,lgouldsmith1c@delicious.com,021 Steensland Way,OzSGp0gLeLVW,115.74,seller
50,Martainn,Thorrington,mthorrington1d@google.ca,039 Erie Drive,wuqC5q,42.34,buyer
51,Chiarra,Arundel,carundel1e@cnet.com,9 Longview Road,BvtDxFQj,116.01,seller
52,Carly,Asals,casals1f@over-blog.com,4 Dawn Court,G25YV9,127.82,buyer
53,Torie,MacVanamy,tmacvanamy1g@blogger.com,498 Debs Drive,exWhAPuAZcPP,36.85,buyer
54,Chaim,Markovic,cmarkovic1h@nsw.gov.au,1821 Larry Point,3Xt4wDB,141.38,seller
55,Gabbie,Borris,gborris1i@un.org,63746 Haas Plaza,Nrjbwrof,104.52,seller
56,Janey,Giffin,jgiffin1j@wikia.com,59630 Grover Avenue,XbkMvEtyWcAM,134.09,buyer
57,Eilis,Kinglesyd,ekinglesyd1k@technorati.com,4 Roxbury Crossing,eycnYLWQy,139.92,seller
58,Darline,Ellwand,dellwand1l@tinypic.com,33378 Wayridge Drive,htXYzmUD,86.47,seller
59,Teressa,Gagin,tgagin1m@wikipedia.org,53770 Farwell Circle,ZEwELF,74.19,seller
60,Calypso,Jowitt,cjowitt1n@blog.com,34 Forest Run Alley,IQK6qPGxM,73.24,seller
61,Atlante,Kimmins,akimmins1o@google.ru,39795 Crescent Oaks Center,SW3wxt,116.1,seller
62,Martyn,Southcomb,msouthcomb1p@flavors.me,8 Texas Crossing,FLqIr9oPpq,132.19,seller
63,Lyssa,Rosenschein,lrosenschein1q@phoca.cz,76968 Grover Park,ZM5mTW6TA,89.28,buyer
64,Ileane,Crommett,icrommett1r@51.la,0824 Cardinal Plaza,LCyNdcHD,114.35,seller
65,Maxine,Martinson,mmartinson1s@dagondesign.com,658 Northview Hill,NKL5I11uR,34.53,seller
66,Fanchon,Snoden,fsnoden1t@gizmodo.com,38411 Monterey Circle,ie9MKs5WmVI,92.85,buyer
67,Hillie,Debney,hdebney1u@accuweather.com,9845 Arkansas Court,8HB1I4SIGfG8,126.11,seller
68,Honey,Iacobini,hiacobini1v@g.co,8390 Huxley Street,4rTWl64mI,98.1,seller
69,Den,Arthey,darthey1w@toplist.cz,66301 Mayer Plaza,N4WWnNH,7.55,buyer
70,Cointon,Geratt,cgeratt1x@g.co,5 Hoepker Street,GO4B23,98.78,seller
71,Dalston,Burdett,dburdett1y@plala.or.jp,6406 Lawn Pass,WhF7igYJ,79.86,seller
72,Darryl,Fish,dfish1z@privacy.gov.au,7730 Muir Terrace,qNa316co,177.75,seller
73,Jocelyne,Blacksell,jblacksell20@gov.uk,358 Lillian Pass,0zCyc8j0,88.18,seller
74,Emilio,Hully,ehully21@wsj.com,8 Dunning Point,oFmQ6JrW4F6v,96.64,buyer
75,Ber,Bauman,bbauman22@sciencedaily.com,78828 Stang Terrace,mwiuAeQ3lKw,84.69,seller
76,Dyann,Tythe,dtythe23@sakura.ne.jp,05 Manitowish Avenue,u5yqxc0TCkI4,55.57,buyer
77,Mari,Wellen,mwellen24@google.co.jp,24968 Ryan Park,XOaoO45WvAUj,91.57,buyer
78,Nichole,Sparway,nsparway25@mac.com,13593 Thierer Terrace,o3s9AX,83.14,buyer
79,Faber,Messruther,fmessruther26@webeden.co.uk,01593 Packers Crossing,kEP7TMKtl,89,seller
80,Roslyn,Gresly,rgresly27@cloudflare.com,77 Victoria Trail,ZGSQ1I1cD,110.91,buyer
81,Sibel,Busfield,sbusfield28@blog.com,6 Heath Drive,e2X8VdaCii,192.12,seller
82,Coretta,Carling,ccarling29@telegraph.co.uk,998 Glacier Hill Junction,0WTCd9V5C,162.45,seller
83,Kelly,Enrique,kenrique2a@disqus.com,77 Cody Road,CggDy2PUWx,69.89,buyer
84,Sinclair,Girardot,sgirardot2b@sciencedirect.com,1286 Michigan Plaza,vyx9zAKG73y,16.52,seller
85,Ravid,Fearneley,rfearneley2c@g.co,917 Buena Vista Avenue,wTqZd8K,10.3,seller
86,Marcelline,Ruck,mruck2d@bravesites.com,3966 Melody Trail,m2qxIptKn,128.23,seller
87,Cyndy,Sarsons,csarsons2e@goodreads.com,736 Daystar Avenue,pct42w8Zb4oF,126.58,buyer
88,Paula,Vannuccinii,pvannuccinii2f@lulu.com,4 Banding Junction,Ca4uwPhNNGK,72.11,buyer
89,Corri,Poulter,cpoulter2g@newyorker.com,7 Judy Pass,xlVUyoV9JYz,121.1,seller
90,Caitlin,Jowers,cjowers2h@ezinearticles.com,8 New Castle Hill,73ikYA,192.09,seller
91,Saidee,Bertwistle,sbertwistle2i@ebay.co.uk,68 Duke Terrace,fUEHB8SlS,150.48,seller
92,Gwendolin,Rabson,grabson2j@smugmug.com,1969 Tomscot Parkway,lO1areW,186.37,buyer
93,Raviv,McFarlan,rmcfarlan2k@cnet.com,26648 Loomis Junction,CYaeH0,75.07,seller
94,Catharina,Duran,cduran2l@booking.com,19 Thompson Park,5aVdtLJR,55.51,seller
95,Gwyn,Sutheran,gsutheran2m@fema.gov,4 Orin Circle,WtjaTigta,240.2,buyer
96,Milly,Boorn,mboorn2n@columbia.edu,392 Judy Road,nSLrUQxh,114.02,seller
97,Edithe,Bartels-Ellis,ebartelsellis2o@phoca.cz,95536 Hermina Center,D94NbNP,103.54,buyer
98,Simone,Brearley,sbrearley2p@yale.edu,5 Park Meadow Park,Gs47R8Eh9jrB,59.32,buyer
99,Clio,Wand,cwand2q@rambler.ru,4 Fremont Lane,KRKrptuS97m,133.07,buyer
100,Laurie,Sommerlin,lsommerlin2r@epa.gov,37 Blackbird Plaza,pmyK4eThe,92.16,seller
101,Samuele,Maberley,smaberley2s@aol.com,45058 Victoria Lane,89W4RkYtlSmc,143.53,buyer
102,Dael,Shotboulte,dshotboulte2t@theglobeandmail.com,9 Monterey Alley,MnK7zxnsUzQ,136.01,buyer
103,Toinette,Hardeman,thardeman2u@europa.eu,5 Fallview Pass,XxrbFPE,129.54,buyer
104,Audra,Parish,aparish2v@blogs.com,7811 Spohn Road,LESRhfz,105.79,buyer
105,Charlean,Eslie,ceslie2w@squarespace.com,193 Talisman Road,nkBcmVJN,170.61,buyer
106,Petronella,Andreazzi,pandreazzi2x@yahoo.co.jp,8 Bowman Parkway,HsZsajKSju,87.96,seller
107,Reagan,Iacopetti,riacopetti2y@nydailynews.com,8232 Scofield Way,jf1lg47,124.73,buyer
108,Gale,McCook,gmccook2z@walmart.com,987 Canary Road,WO2C9Tlnk3i,110.6,seller
109,Hyacinth,Dionis,hdionis30@ibm.com,709 Fuller Street,Ce4oJhz,111.76,seller
110,Somerset,Gore,sgore31@angelfire.com,8361 Hanson Circle,IC36dmmR5iM,64.03,seller
111,Bil,Kender,bkender32@technorati.com,44362 Kenwood Park,gC65tcvcFo,56.59,seller
112,Tamiko,Pedycan,tpedycan33@npr.org,109 Grim Avenue,niJO9uP5It,24.36,seller
113,Todd,Abramovic,tabramovic34@chron.com,7 Buhler Park,4vFceJp7vj,128.03,seller
114,Morna,Limerick,mlimerick35@nationalgeographic.com,319 Washington Alley,JQokMMzH,48.13,buyer
115,Andy,Lodder,alodder36@over-blog.com,5 Farmco Alley,kF293hTlO,26.76,buyer
116,Freda,Rives,frives37@issuu.com,171 Hazelcrest Drive,YvHoKfvGZ,127.79,buyer
117,Roddie,Goodbody,rgoodbody38@theguardian.com,8023 Hooker Drive,S3Ae78adYomn,122.77,seller
118,Richy,Reilly,rreilly39@blogtalkradio.com,70 Macpherson Hill,A8YGM6,288.84,seller
119,Teodorico,Dallywater,tdallywater3a@businessweek.com,898 Comanche Terrace,cmCrtBKxG53,114.01,seller
120,Ignatius,O'Calleran,iocalleran3b@wikipedia.org,6577 Thackeray Park,94KFi1,107.28,seller
121,Jackie,Easseby,jeasseby3c@samsung.com,415 Bonner Hill,VuymLXjVU,102.21,seller
122,Ginny,Howatt,ghowatt3d@oracle.com,386 Green Circle,c60ZjFlT,65.94,seller
123,Alexa,Rutter,arutter3e@ibm.com,170 Autumn Leaf Crossing,GEyeiop,123.1,buyer
124,Cris,Renzullo,crenzullo3f@wp.com,83 Wayridge Drive,hdB001rI,35.13,buyer
125,Derek,Le Page,dlepage3g@google.com,8218 Carey Court,KBJ1PV0AGD,76.95,seller
126,Nedda,Ferreira,nferreira3h@baidu.com,75803 Bluestem Street,xiJhM6z,79.05,buyer
127,Hermie,Gery,hgery3i@geocities.jp,059 Linden Lane,2AtGimK,19.58,seller
128,Broddie,Siddele,bsiddele3j@statcounter.com,81710 Hallows Parkway,P8R4Rjfnp,164.97,seller
129,Emmet,Cissen,ecissen3k@tinypic.com,008 Dryden Avenue,vibugoPx77U,40.42,seller
130,Bax,Sworn,bsworn3l@bbc.co.uk,3816 Warrior Pass,KMRxUUOWrG,52.04,seller
131,Daphna,Rabbe,drabbe3m@pbs.org,73192 Doe Crossing Hill,maXSzqGDYCN,169.48,seller
132,Christine,Thwaites,cthwaites3n@miitbeian.gov.cn,5893 Onsgard Road,l7G6S39,48.76,buyer
133,Alisander,Lansdowne,alansdowne3o@europa.eu,33 Blaine Park,pMLh0tl,4.2,buyer
134,Brigg,Henkmann,bhenkmann3p@tinyurl.com,02 Vahlen Point,xk3mLm,67.51,seller
135,Vere,Siggee,vsiggee3q@yellowpages.com,83 Vera Pass,qyRLuH5rXTGW,158.31,buyer
136,Horst,Penhallurick,hpenhallurick3r@mysql.com,3 Harbort Place,B68TQLbQ,89.84,buyer
137,Mathian,Gossipin,mgossipin3s@tiny.cc,267 Bultman Terrace,qSkQX6H,13.17,seller
138,Hale,Sollas,hsollas3t@imageshack.us,56 Anhalt Drive,DhZJqjjVAY9,103.87,buyer
139,Culley,Berthot,cberthot3u@indiegogo.com,2547 Mccormick Alley,bDg6Ww66NkD,151.52,seller
140,Jesselyn,Driver,jdriver3v@gmpg.org,821 Karstens Park,LgrsIbzY8,45.23,seller
141,Rowena,Matyushkin,rmatyushkin3w@flickr.com,57 Straubel Terrace,J6WQbM75KVr,197.29,buyer
142,Tobit,Proske,tproske3x@cpanel.net,782 Green Center,brKJyS,88.49,buyer
143,Megan,Toretta,mtoretta3y@sphinn.com,21681 Continental Drive,pg4HMqYStD,41.09,buyer
144,Michelle,Stokoe,mstokoe3z@soup.io,667 Rutledge Road,9VMTCgO6,39.57,buyer
145,Hugues,McGeoch,hmcgeoch40@oakley.com,2533 Starling Circle,qZlKmFTt,45.66,buyer
146,Welbie,Kalb,wkalb41@mysql.com,12204 Mockingbird Court,zv5WBBrVUmX,40.62,buyer
147,Roselin,Duncanson,rduncanson42@sciencedirect.com,7 Independence Street,si6pPGQu4LyZ,59.56,buyer
148,Angie,Glantz,aglantz43@tiny.cc,8538 Golf Pass,paKdsZbiS,51.53,buyer
149,Lyell,Baldery,lbaldery44@artisteer.com,3 Alpine Terrace,CS75feWk,104.61,seller
150,Rebbecca,M'Quharg,rmquharg45@ted.com,936 Derek Park,PvjmeSyE,23.97,seller
151,Byram,Jaquest,bjaquest46@pagesperso-orange.fr,1 Bashford Street,vLDSbD,170.3,buyer
152,Abdul,Gerrets,agerrets47@printfriendly.com,0 American Ash Lane,byomaVhSzm,21.57,buyer
153,Alvera,Jerromes,ajerromes48@howstuffworks.com,139 John Wall Point,I5gxToOA,89.47,buyer
154,Tera,Stonard,tstonard49@europa.eu,72221 Longview Trail,mAXzzR07hL,84.26,buyer
155,Cristabel,Flather,cflather4a@upenn.edu,851 Montana Lane,Aq0iFf,74.15,buyer
156,Wendye,Greiswood,wgreiswood4b@bigcartel.com,6793 Northland Terrace,3vhlxDF4vV7K,151.62,buyer
157,Shea,Littlekit,slittlekit4c@reference.com,7680 Buena Vista Lane,00mFZdlK8a,67.74,seller
158,Kinna,Gard,kgard4d@eventbrite.com,43868 Union Way,2aD15igAAv2A,157.14,buyer
159,Paco,Dennistoun,pdennistoun4e@free.fr,1298 Morrow Avenue,wTRWDRXbX,147.27,seller
160,Pebrook,McColm,pmccolm4f@google.com.br,082 Sugar Terrace,0G6lnX8U0,113.67,buyer
161,Thaddus,Woodall,twoodall4g@etsy.com,65 Lake View Avenue,8fe8Gaa,67.68,buyer
162,Lewiss,Cammacke,lcammacke4h@google.de,27 Corry Court,HrXSROv1s,124.2,seller
163,Darrick,Rumbold,drumbold4i@bing.com,91 Trailsway Alley,j3bIVcx,165.57,seller
164,Marilyn,Roeby,mroeby4j@technorati.com,4 Waubesa Court,RYs5OcFPYhO,4.62,buyer
165,Rodrique,Firth,rfirth4k@amazon.co.jp,89631 Mallory Circle,VjdNahHwGO,123.4,seller
166,Robin,Bernat,rbernat4l@jigsy.com,67 Sommers Crossing,ZA63PL,69.42,seller
167,Tremayne,Parsons,tparsons4m@amazon.co.jp,65669 Sundown Pass,yKklcXfF,42.17,seller
168,Helaina,Giovani,hgiovani4n@list-manage.com,462 Dahle Trail,hIek3zCazU8,184.97,buyer
169,Ashil,Van T'Hoog,avanthoog4o@sitemeter.com,22991 Mifflin Terrace,eGq7PJ4pQKJ,119.53,seller
170,Agnese,Gerrett,agerrett4p@fema.gov,15 Vahlen Avenue,UuTUgg7No,63.64,seller
171,Meir,Assandri,massandri4q@dailymail.co.uk,882 Westridge Plaza,CzZGAinE7v,49.5,buyer
172,Bernie,Hallwell,bhallwell4r@sina.com.cn,2 Butterfield Lane,SRM8uRe6RtA,65.01,seller
173,Neal,Laughlin,nlaughlin4s@bbb.org,7262 Katie Lane,BIP6UgU3f,153.27,seller
174,Basia,Trythall,btrythall4t@behance.net,7529 Killdeer Pass,MMCixrh7JbG,49.68,buyer
175,Adella,Casetta,acasetta4u@indiatimes.com,46 Bluestem Place,8YagVl4Kqr1,169.15,buyer
176,Eldin,Seleway,eseleway4v@altervista.org,12 Weeping Birch Crossing,Sp3MO4bCOc,47.08,seller
177,Larisa,Mensler,lmensler4w@netscape.com,6 Dakota Center,FyjTPD,41.56,seller
178,Clemens,Staton,cstaton4x@vk.com,2 Banding Pass,0iLAnMA,78.71,seller
179,Thedrick,McElvogue,tmcelvogue4y@state.gov,51945 Menomonie Crossing,qmHcvQsqCrk0,135.93,seller
180,Beatrix,Dyshart,bdyshart4z@flavors.me,2 Mifflin Lane,WAcBrEiOn,86.82,buyer
181,Lenee,Schuricke,lschuricke50@economist.com,7810 Mendota Center,gIpGgIUE5K,5.36,buyer
182,Kitti,MacIlwrick,kmacilwrick51@facebook.com,24290 Cascade Circle,FKsST6ti8T,145.97,buyer
183,Clerkclaude,Seed,cseed52@disqus.com,43525 Orin Way,yR32p76J8Udp,164.25,seller
184,Emmery,Yushin,eyushin53@hhs.gov,479 Loeprich Crossing,bAIzJh,196.44,buyer
185,Joanna,Iacovino,jiacovino54@china.com.cn,113 Gulseth Junction,nO12aFousY,106.89,buyer
186,Georgine,Pepon,gpepon55@blinklist.com,749 Buena Vista Drive,LAkpPFz,86.31,seller
187,Jordan,Saggs,jsaggs56@jalbum.net,34 Algoma Hill,dsRp4Kdr1,118.58,buyer
188,Dewitt,Hearnes,dhearnes57@webmd.com,6 Pepper Wood Drive,ofTGL5i,120.71,seller
189,Dav,Darrell,ddarrell58@amazon.co.jp,03889 Morrow Alley,AuUPJsIR8Mi,51.95,seller
190,Munmro,Brosius,mbrosius59@sun.com,050 Brentwood Park,rH68mCOTz,87.39,buyer
191,Arlin,Collin,acollin5a@bandcamp.com,5144 Wayridge Place,uwS613xa,139.68,buyer
192,Claretta,Folli,cfolli5b@who.int,131 International Junction,7Ny0J4,183.85,seller
193,Cole,Leyrroyd,cleyrroyd5c@uol.com.br,96499 Manitowish Pass,Zy8WoAMyt,73.01,buyer
194,Bernadene,Hawker,bhawker5d@go.com,8650 Longview Drive,tFLzWidYdru,54.5,seller
195,Bailey,Milligan,bmilligan5e@nyu.edu,4227 Arkansas Park,kSzLof,152.87,seller
196,Marlin,Darrigone,mdarrigone5f@qq.com,5 Westport Avenue,DNYBXtUZ,142.43,seller
197,Audrey,Benneyworth,abenneyworth5g@ca.gov,34762 Granby Place,a4IrvmnuK,105.52,seller
198,Gottfried,Mander,gmander5h@webmd.com,7 Melvin Street,WoJqMbI7E,90.16,seller
199,Erroll,Bateup,ebateup5i@wikipedia.org,091 Dwight Court,Pdbi1UZR0z,80.94,seller
200,Cyril,Collinette,ccollinette5j@4shared.com,1530 Mcguire Hill,hbUUhFJ9mWr,138.56,buyer
201,Alfonso,Briat,abriat5k@gravatar.com,124 Superior Terrace,NJAFr4tV,89.28,seller
202,Royce,Hetterich,rhetterich5l@spotify.com,7577 Bunting Alley,qSeElN,148.03,buyer
203,Rosaline,Sunman,rsunman5m@instagram.com,524 Doe Crossing Court,oZSZ80JAR,79.42,buyer
204,Harmonia,Turrill,hturrill5n@unc.edu,916 Summit Pass,q2W0a8tRfaEm,33.58,seller
205,Francyne,Coveley,fcoveley5o@posterous.com,8036 Delaware Point,w25lbDxY,160.81,buyer
206,Mair,Embury,membury5p@psu.edu,92 David Terrace,ZIdwaV9x,87.33,seller
207,Rycca,Spottiswoode,rspottiswoode5q@prweb.com,5 Comanche Trail,O1HWm3WzCb,108.19,seller
208,Jennette,Hollow,jhollow5r@kickstarter.com,5 Montana Terrace,MGryAyn8,52.74,seller
209,Dalia,Bunker,dbunker5s@mozilla.com,4302 Eagle Crest Center,iwsHyMJOWQL,165.77,buyer
210,Valaria,Serfati,vserfati5t@bbb.org,9322 Norway Maple Drive,d8Bw2Oe7GCj,114.04,buyer
211,Codie,Hancock,chancock5u@123-reg.co.uk,7196 Tennyson Road,ogBJi1uSwW,112.12,buyer
212,Rabbi,Spitell,rspitell5v@shutterfly.com,2463 Straubel Point,b3udRKaSkf,49.75,buyer
213,Rutherford,Hardbattle,rhardbattle5w@google.com.hk,9 Sunbrook Trail,8wnOkhYFtS,31.33,buyer
214,Lianna,Lawrenson,llawrenson5x@ezinearticles.com,35 Green Ridge Road,thDQnE,110.76,seller
215,Jo-anne,Fossick,jfossick5y@go.com,3158 Russell Alley,2sAJuGIz,149.7,seller
216,Betteanne,Wardingley,bwardingley5z@xinhuanet.com,54553 Corben Park,xTyNwkf0ZsZ,69.9,seller
217,Caye,Munslow,cmunslow60@surveymonkey.com,8941 Buhler Lane,Z7MjtWuj,59.59,buyer
218,Herman,Kiddell,hkiddell61@ihg.com,749 Killdeer Center,tBxP73pmtW3h,146.34,seller
219,Erik,Mundee,emundee62@bbc.co.uk,53151 Ridgeview Point,jbNVeI3dxWn,173.11,seller
220,Bernard,Stannering,bstannering63@ycombinator.com,4 Oriole Way,wZVu5c1mv,57.81,seller
221,Gray,McVane,gmcvane64@biglobe.ne.jp,9318 Lyons Alley,xHZOwOMnX,38.51,buyer
222,Jason,Bamblett,jbamblett65@devhub.com,0290 Oneill Drive,E0Pftjh7UQCN,53.15,buyer
223,Erasmus,Cassius,ecassius66@latimes.com,7 Del Sol Park,UkHJJjgBLm3,97.93,buyer
224,Tamra,Crim,tcrim67@cnbc.com,842 Judy Way,DksvVut,191.06,buyer
225,Barnie,Ferber,bferber68@gizmodo.com,5 Hollow Ridge Trail,HVTmeENoT,177.27,seller
226,Chloette,Agron,cagron69@w3.org,1 Bultman Pass,LBk6NNUq,121.29,buyer
227,Gearalt,Muckian,gmuckian6a@abc.net.au,1 Dakota Lane,etvjwy7,133.91,buyer
228,Winston,Conant,wconant6b@vistaprint.com,6276 Eagan Trail,huyyIK,114.55,seller
229,Paige,Scholl,pscholl6c@mapquest.com,66397 Novick Court,A1aPCWF,49.26,buyer
230,Hasty,Aggas,haggas6d@imgur.com,2 Bartelt Place,m9jQWpUYNj2,119.43,buyer
231,Adah,Dryden,adryden6e@t.co,70810 Hansons Point,TxzA6f,186.5,buyer
232,Pierrette,Jardin,pjardin6f@yellowbook.com,3 Eastwood Road,H8kpWNW,37.67,seller
233,Derwin,Petch,dpetch6g@tinypic.com,565 Columbus Place,2O1JvGF6rT,106.64,seller
234,Maegan,Kneller,mkneller6h@craigslist.org,4 Maryland Plaza,q01xFCHdVT4x,139.44,buyer
235,Hastie,Filmer,hfilmer6i@newsvine.com,73 Dawn Parkway,HEvTUehH7,39.03,seller
236,Evelin,Dreossi,edreossi6j@spotify.com,79417 Hanson Way,vXUykZuE,58.8,seller
237,Sybila,Holtom,sholtom6k@xing.com,9 Prairieview Road,HcmcR2j4wR,92.1,seller
238,Paxton,Dulany,pdulany6l@ucoz.ru,5 Banding Road,RrhqwgmLnxw7,117.86,seller
239,Aleece,O'Hannigan,aohannigan6m@sakura.ne.jp,135 Harbort Terrace,nIgWIJ,146.16,buyer
240,Roselia,Mallison,rmallison6n@mashable.com,714 Bunker Hill Junction,xPQosNld1,97.52,seller
241,Linet,Tansly,ltansly6o@icq.com,5917 Village Hill,d9cuTuXo,70.08,buyer
242,Hal,Bunce,hbunce6p@google.com.br,2 Green Ridge Terrace,H9lRdWwwJ2gy,247.3,seller
243,Elizabeth,Guymer,eguymer6q@g.co,8 Upham Park,uvTj5DBy9,126.53,buyer
244,Tammara,Gommes,tgommes6r@purevolume.com,77 Warbler Parkway,0EpJuGnIa,7.92,buyer
245,Maribel,Frary,mfrary6s@youtube.com,4 Prairie Rose Place,8IOAEXhE,63.33,buyer
246,Evita,Ambridge,eambridge6t@nasa.gov,68873 Memorial Point,3aIsmDbUJA,96.49,seller
247,Rora,Sefton,rsefton6u@hhs.gov,9684 Meadow Valley Street,ZarfHAxx,109.37,buyer
248,Hal,Danzig,hdanzig6v@51.la,0 Oak Circle,x8Yde2w,14.57,buyer
249,Bertie,Gisborne,bgisborne6w@usda.gov,69292 Schurz Alley,y3ZQuBNeh,112.43,buyer
250,Doy,Badcock,dbadcock6x@last.fm,2382 Goodland Place,TRaGGpkzQXTV,200.45,buyer
251,Charlie,Guyver,cguyver6y@forbes.com,77 Reindahl Lane,T47WO7AWrEJ,74.01,buyer
252,Sonia,Crockley,scrockley6z@elegantthemes.com,520 Eliot Way,w3HI7BMBAz,84.84,seller
253,Gae,Makin,gmakin70@mysql.com,6 Crowley Point,X9E823BO,102.22,seller
254,Gabby,McDonough,gmcdonough71@techcrunch.com,61237 Fulton Point,kJHwttl0zfV,134.41,seller
255,Electra,Jenicek,ejenicek72@census.gov,5 Manitowish Court,bjfAEDBtpYI,131.27,seller
256,Sibeal,Bedow,sbedow73@lulu.com,590 Kennedy Point,pAcj19K,58.29,seller
257,Javier,Andraud,jandraud74@adobe.com,655 Eggendart Terrace,23WDdWp,93.98,seller
258,Saidee,Iacobassi,siacobassi75@bravesites.com,01498 Loomis Court,fSPqJvHCP,116.16,seller
259,Keri,Ziems,kziems76@uol.com.br,1910 Alpine Park,v15HMmi1,100.08,buyer
260,Hartley,Keble,hkeble77@tinypic.com,1 Carberry Trail,aXSGnLi8T,112.77,seller
261,Lynett,Urrey,lurrey78@buzzfeed.com,617 Green Ridge Plaza,h9rxhTGfHYbX,113.35,buyer
262,Delly,Barbery,dbarbery79@slate.com,5 Karstens Hill,6SbLBEarcmDd,116.75,seller
263,Bekki,Scarce,bscarce7a@taobao.com,19 Corscot Terrace,TApVb8yoiZ,141.83,buyer
264,Nata,Cossar,ncossar7b@paypal.com,04436 Farmco Avenue,3VYzBG,84.01,seller
265,Kienan,Mocquer,kmocquer7c@sfgate.com,59 Twin Pines Court,9ncqFro7ky,133.26,seller
266,Louie,Whipple,lwhipple7d@utexas.edu,45193 Vera Drive,o7qyjZs9,132.26,seller
267,Casper,Londsdale,clondsdale7e@theguardian.com,45 Arrowood Avenue,icAIyau,67.14,buyer
268,Michele,Eringey,meringey7f@printfriendly.com,4875 Redwing Trail,wfarQtszj,83.94,seller
269,Roxanne,Yashunin,ryashunin7g@istockphoto.com,8549 Sommers Court,6pOvhy,82.35,seller
270,Eal,Onele,eonele7h@mit.edu,49 Hansons Lane,XRBgpKJGs,116.22,buyer
271,Doralynn,Skoyles,dskoyles7i@deliciousdays.com,535 Cascade Road,4zgdQl,132.73,buyer
272,Bernadina,Shard,bshard7j@narod.ru,99512 Stephen Crossing,AP2lOH,118.87,seller
273,Dante,Varty,dvarty7k@mysql.com,5057 Jana Avenue,4XrlSPV8,12.56,seller
274,Stephen,Boylin,sboylin7l@godaddy.com,9 Gina Hill,IctWhBsAfgvc,74.62,seller
275,Eydie,Sokale,esokale7m@nationalgeographic.com,14525 4th Court,WBDsGGHn5G,134.98,buyer
276,Kippar,Jacobi,kjacobi7n@creativecommons.org,349 Corry Alley,eWvaSRoWUG4l,96.9,buyer
277,Nanice,Kolyagin,nkolyagin7o@weibo.com,16846 Utah Place,sahUd0BKFdl,85.58,buyer
278,Symon,Valiant,svaliant7p@arizona.edu,62150 Delladonna Park,J8G5960hAp,54.68,buyer
279,Roch,Glanvill,rglanvill7q@bizjournals.com,6 Park Meadow Trail,01CZSxc8eeGZ,58.69,seller
280,Pennie,Lummasana,plummasana7r@goodreads.com,5 Stone Corner Crossing,jMRqvuR6vHHL,76.04,buyer
281,Lyell,Threlkeld,lthrelkeld7s@mit.edu,29 Veith Junction,np1jMP6Ozw,26.14,buyer
282,Northrop,Youel,nyouel7t@shutterfly.com,24165 Jenna Circle,yBD7ZowngJ,100.59,seller
283,Cordey,Guage,cguage7u@webeden.co.uk,19 2nd Pass,NiWYYBE4XXry,80.73,buyer
284,Nanni,Espinola,nespinola7v@google.com,353 Monica Trail,DX2VsDDo,17.94,seller
285,Kirsteni,Ramme,kramme7w@java.com,39635 Hansons Road,pzvAZIYdRO,166.85,seller
286,Derby,Curtois,dcurtois7x@webnode.com,9991 Reindahl Parkway,3zXJD8RDZDY1,162.91,seller
287,Byron,Ivimey,bivimey7y@tmall.com,08047 Eagan Center,v7SMaTYkCSF8,74.27,buyer
288,Sapphire,Lawlance,slawlance7z@discovery.com,02 Artisan Terrace,69o6x32TEgYO,78.19,seller
289,Nathaniel,Ditt,nditt80@free.fr,95 Hovde Court,05bXRhJi,44.69,seller
290,Callean,Colvine,ccolvine81@howstuffworks.com,89302 Meadow Valley Circle,wvlpz2Hs,120.42,buyer
291,Yorgo,Guyer,yguyer82@cdbaby.com,5 Grover Place,MycEaI4,144.19,seller
292,Cyrus,Standbrook,cstandbrook83@pbs.org,320 Vera Court,w20Uo3u,118.24,seller
293,Annette,Attenborrow,aattenborrow84@joomla.org,185 Crescent Oaks Avenue,ohF0UIOi4Zy,121.77,seller
294,Alistair,Blaske,ablaske85@fotki.com,835 Montana Circle,pBWbXQIeueLX,58.48,seller
295,Vale,Petyanin,vpetyanin86@harvard.edu,88640 Loomis Way,7nI2BnhKm,60.86,buyer
296,Erich,Pryell,epryell87@gizmodo.com,09 Merrick Road,LvYXF1fTDi9B,121.1,seller
297,Jobi,Giacopini,jgiacopini88@amazon.com,34839 Algoma Hill,iLDo9pftY,53.31,seller
298,Annis,Utteridge,autteridge89@123-reg.co.uk,54 Milwaukee Park,snIVU7PTxFca,149.71,seller
299,Bernard,MacKeever,bmackeever8a@dyndns.org,1 1st Trail,93JMxUh5Nh2,107.52,buyer
300,Basia,Bilfoot,bbilfoot8b@reuters.com,987 Sycamore Street,cNrNl5bikV1,96.8,buyer
301,Dorine,Adamson,dadamson8c@themeforest.net,852 Annamark Junction,MW6PVla,96.2,buyer
302,Philip,Corney,pcorney8d@webnode.com,77253 Havey Junction,rSqkOb,172.04,buyer
303,Kelley,Van Daalen,kvandaalen8e@plala.or.jp,3183 Katie Crossing,dNEJHWNLI6,120.05,seller
304,Brooke,Primak,bprimak8f@shinystat.com,887 Glacier Hill Crossing,b5toJN0i,29.45,buyer
305,Gabie,Kilminster,gkilminster8g@freewebs.com,7 Carpenter Plaza,QC4i41K3VDv,8.73,buyer
306,Keelby,Camillo,kcamillo8h@freewebs.com,46 Gale Alley,jKvyDrYvxb,120.4,seller
307,Ximenez,Scamadin,xscamadin8i@oaic.gov.au,2337 Warner Drive,fehzVoMKMpI,73.45,buyer
308,Haywood,Szymanzyk,hszymanzyk8j@webeden.co.uk,01 Rieder Center,LWfoczOqH,212.82,buyer
309,Rodd,Castel,rcastel8k@sphinn.com,15 Loomis Trail,lf7zOa,58.2,seller
310,Hamnet,Calderwood,hcalderwood8l@wired.com,363 Everett Way,Tb2m6pw4T,109.84,seller
311,Celestia,Giottini,cgiottini8m@japanpost.jp,9803 Aberg Street,NSsRtJR8g,79.01,seller
312,Sunny,Steanyng,ssteanyng8n@cloudflare.com,42168 Riverside Crossing,4rViXU,92.38,seller
313,Ardella,Randlesome,arandlesome8o@odnoklassniki.ru,6919 Ridgeway Point,fECvzXINmd4e,103.98,buyer
314,Beulah,Blofeld,bblofeld8p@xinhuanet.com,8 John Wall Parkway,CB3dbZ,31.09,buyer
315,Winn,Grancher,wgrancher8q@weather.com,68 Pierstorff Circle,d8q5oG,81.02,seller
316,Tremaine,Heed,theed8r@fc2.com,706 Golf Avenue,GNNwpac0pV,3,seller
317,Rodrique,Goggan,rgoggan8s@google.com.hk,13 Meadow Vale Park,IYhJMe035it,81.41,buyer
318,Elke,Markie,emarkie8t@hud.gov,1 Summit Junction,adk74fe,14.4,seller
319,Pattie,Bricknell,pbricknell8u@cisco.com,24859 Eagle Crest Alley,E2NYpn4LESXU,122.04,seller
320,Howard,Tancock,htancock8v@gmpg.org,46 Mariners Cove Pass,A1y2ZjnplLO,87.75,buyer
321,Vladimir,Gritten,vgritten8w@nasa.gov,183 Leroy Road,ZViu3QWDXg,136.2,seller
322,Junie,Dawtre,jdawtre8x@walmart.com,0366 Scoville Hill,d0WRMZ892r,173.48,seller
323,Laird,Scarth,lscarth8y@go.com,1 Hollow Ridge Plaza,MLhGklJto,162.1,seller
324,Jake,Shorthill,jshorthill8z@npr.org,5 Westridge Terrace,DzXWAEL5,65.1,buyer
325,Price,Mintoff,pmintoff90@google.fr,74385 Eagle Crest Plaza,AxhnNhOiLcX,101.61,buyer
326,Jorrie,MacLennan,jmaclennan91@hp.com,9735 East Court,cwBTVNH,102.39,buyer
327,Glenn,Morforth,gmorforth92@wufoo.com,355 Summer Ridge Court,0diT2t,48.13,buyer
328,Fanechka,Stranaghan,fstranaghan93@hostgator.com,50 John Wall Lane,m7lEjWsm,87.18,buyer
329,Carrie,Faithfull,cfaithfull94@domainmarket.com,20 Sutteridge Point,LIVIgvSJ,73.48,buyer
330,Lucila,Shewring,lshewring95@w3.org,73608 Hooker Hill,CMZ912FkPelV,45.44,seller
331,Ema,Jefferies,ejefferies96@liveinternet.ru,540 Goodland Alley,cy37V0,59.7,seller
332,Idette,Dealey,idealey97@chron.com,98433 Moland Place,4qPov3uJa,108.68,buyer
333,Becki,O'Flannery,boflannery98@usatoday.com,9 Melrose Street,DJG4DMCaUvg,156.19,seller
334,Serena,Ullett,sullett99@pagesperso-orange.fr,7 Cardinal Way,z2ldXaMp1QTD,69.84,buyer
335,Neille,Abby,nabby9a@yellowbook.com,6097 Weeping Birch Park,wGInfpjTlZg,150.6,seller
336,Kiley,Shury,kshury9b@devhub.com,01058 Pond Lane,iHFuHn,93.02,seller
337,Franny,Lesley,flesley9c@wikimedia.org,66832 Florence Trail,TMcQ5Tz,68.17,buyer
338,Laural,Pepall,lpepall9d@twitpic.com,7638 Helena Lane,X3HedqRLMA9,205.17,buyer
339,Elnore,Lindgren,elindgren9e@dyndns.org,263 Burrows Court,MKwxoYLgaR,172.12,seller
340,Rube,Campey,rcampey9f@economist.com,7 Russell Pass,9pQqq69L4,141.5,buyer
341,Hale,Colclough,hcolclough9g@tripod.com,36657 Schiller Terrace,NicHxpPgjf6v,91.31,seller
342,Neron,Dudson,ndudson9h@cloudflare.com,698 Kings Pass,8TaEgSp,56.37,buyer
343,Judon,Lewsie,jlewsie9i@furl.net,4 Kedzie Drive,h5fsJTnka,67.3,buyer
344,Kirsti,Onion,konion9j@myspace.com,62 Clemons Plaza,6vmTcep6,31.93,buyer
345,Ellie,Orrum,eorrum9k@pen.io,3 Cambridge Center,rjaSx1Ak,11.26,seller
346,Edik,Rizzotto,erizzotto9l@dion.ne.jp,9890 8th Alley,5aj8UTAre,115.21,seller
347,Baldwin,Lorenz,blorenz9m@twitter.com,92 Village Pass,VMCJkA,140.87,seller
348,Jacynth,Gatcliff,jgatcliff9n@google.es,2359 Vera Park,kan5ae5rD5,129.06,seller
349,Luise,Berkely,lberkely9o@hud.gov,782 Valley Edge Court,iESfhFjB,13.45,seller
350,Rebeka,Dibdale,rdibdale9p@springer.com,6119 Bonner Trail,Z0VGnF9,29.38,buyer
351,Carlen,Tout,ctout9q@domainmarket.com,0 Colorado Alley,6HLIGdDRf9,158.69,seller
352,Jewell,Remirez,jremirez9r@prlog.org,2 Southridge Alley,swkVcP,98.15,buyer
353,Keelia,Kinglake,kkinglake9s@globo.com,878 Utah Court,zTQSq790oC,87.86,buyer
354,Jorie,Erie,jerie9t@icq.com,91 Forest Dale Place,FkRcr0Jnm0l,15.44,seller
355,Tremain,Gwilt,tgwilt9u@jimdo.com,312 Mccormick Terrace,UkTGou44,14.64,seller
356,Julita,Roo,jroo9v@yahoo.co.jp,699 Butternut Drive,Y48f3i,148,buyer
357,Carmelina,Petruszka,cpetruszka9w@ustream.tv,1599 Saint Paul Alley,bCU8lxeB0S,61.39,buyer
358,Gunther,Faraker,gfaraker9x@bloglines.com,44228 Browning Place,EnlJqrY,126.35,seller
359,Vivianna,Penswick,vpenswick9y@marketwatch.com,30627 Lighthouse Bay Junction,JAHje9,86.94,buyer
360,Hephzibah,Winward,hwinward9z@unicef.org,03 Bunting Pass,BlERTnN,96.33,seller
361,Monika,Fevers,mfeversa0@tamu.edu,67772 Longview Plaza,b36mljzX,24.6,seller
362,Orsola,Bill,obilla1@squarespace.com,2 Dottie Hill,KreiP9ISu2d5,88.81,seller
363,Alvera,Davio,adavioa2@trellian.com,51165 5th Junction,TO8D2YlfEV,14.4,seller
364,Odell,Cheak,ocheaka3@tuttocitta.it,875 Graedel Terrace,LFKlvQpnF,126.22,seller
365,Phylys,Gerhts,pgerhtsa4@shareasale.com,17 Truax Point,UZPo8pAwB,44.28,buyer
366,Marti,Cardozo,mcardozoa5@hao123.com,10229 Coleman Court,y1tkOOldut,98.38,buyer
367,Belicia,Mattinson,bmattinsona6@histats.com,19 Ilene Alley,J8KplM,177.55,seller
368,Bertha,Seiter,bseitera7@blogtalkradio.com,94291 Ronald Regan Lane,QieOz8,94.68,buyer
369,Elle,Marrows,emarrowsa8@mozilla.org,2041 1st Road,kmTXe3Wg,83.49,buyer
370,Sydney,Leborgne,sleborgnea9@nytimes.com,1215 Browning Trail,CddtIqNZm,128.27,buyer
371,Aylmar,Bonellie,abonellieaa@census.gov,49528 Hollow Ridge Park,TMYtF52,58.01,buyer
372,Jania,Marsie,jmarsieab@businessinsider.com,324 Alpine Lane,JvGQnlW,54.47,buyer
373,Ebenezer,Giacovelli,egiacovelliac@dion.ne.jp,0 Nevada Street,DH4l95yQy,128.18,buyer
374,Iolande,Bruckman,ibruckmanad@drupal.org,5 Dorton Parkway,7XP4JKp7Fk,6.63,buyer
375,Fionna,Sowray,fsowrayae@icio.us,4442 Golden Leaf Drive,4a5ebKsRHxu3,112.17,seller
376,Lisetta,Wormald,lwormaldaf@omniture.com,14 Lakewood Way,Tvvy8FQiNu,118.11,buyer
377,Tome,Drillot,tdrillotag@uol.com.br,90 Maryland Plaza,29eE5VkF,64.27,seller
378,Egor,Robillard,erobillardah@moonfruit.com,01404 Florence Circle,8Uz5lopJ,106.13,buyer
379,Tony,Auchterlony,tauchterlonyai@topsy.com,068 Gulseth Point,eXJr5mzGf,67.25,buyer
380,Selma,Petrecz,spetreczaj@jiathis.com,16 Johnson Circle,FYojgx,112.1,buyer
381,Haskel,Isakowicz,hisakowiczak@nsw.gov.au,2 Sutteridge Junction,9Q2bNI,141.15,seller
382,Jaquenetta,Riall,jriallal@hostgator.com,43 Gina Way,tz45cz,79.84,buyer
383,Yalonda,Spawell,yspawellam@imageshack.us,17363 Lakeland Avenue,eFwy9uxHD42,46.62,buyer
384,Blondy,Alcalde,balcaldean@smugmug.com,52 Washington Junction,WTDHHt,115.44,buyer
385,Shadow,Ferminger,sfermingerao@telegraph.co.uk,760 Del Mar Drive,pC962Zau,150.71,buyer
386,Sawyer,O'Sharry,sosharryap@about.me,99307 Carpenter Road,7TyRZM,79.69,buyer
387,Marcus,Strick,mstrickaq@zimbio.com,5 Del Sol Hill,b3uA6b,176.3,buyer
388,Liza,Green,lgreenar@nymag.com,90514 Mendota Street,MhCSu25yLnr4,134.31,buyer
389,Andres,Harker,aharkeras@kickstarter.com,9 Nelson Road,1sbfrUWLcbgD,89.03,buyer
390,Aluin,Ollier,aollierat@paginegialle.it,84 Melby Alley,rUf46zgPHlc,56.65,seller
391,Sela,Leipoldt,sleipoldtau@51.la,59176 Burrows Drive,6FHhpt,103.57,seller
392,Florenza,Tesyro,ftesyroav@wiley.com,5 Butterfield Road,HWP2ze,17.19,seller
393,Rachel,Hasnip,rhasnipaw@furl.net,626 Sycamore Place,3JJXEfmut6kk,61.33,buyer
394,Sansone,Southeran,ssoutheranax@istockphoto.com,1727 Montana Trail,7L5JpGBl,86.09,buyer
395,Tobe,Mandifield,tmandifielday@dedecms.com,6982 Harbort Junction,ZlT7TNry2SL,153.9,buyer
396,Thor,Cocci,tcocciaz@mapquest.com,0351 Fuller Junction,uw3ss68aWdm,61.95,buyer
397,Keelby,Trundler,ktrundlerb0@ed.gov,06 Fallview Park,DaHtUcvkg6Ia,195.5,seller
398,Kyle,Schoffler,kschofflerb1@jiathis.com,9 Hooker Pass,Fts1YfR,155.38,seller
399,Reeva,Kilby,rkilbyb2@comsenz.com,169 Petterle Alley,I4LRwC2eS,107.69,seller
400,Gaston,Andrini,gandrinib3@weather.com,83 Fallview Way,yYX9NfZUKY6m,86.61,buyer
401,Yale,O'Rafferty,yoraffertyb4@craigslist.org,630 Knutson Drive,BK2GOuO,84.56,seller
402,Dallon,Andrusyak,dandrusyakb5@eventbrite.com,12040 Schmedeman Alley,JUniMt,131.99,buyer
403,Doyle,Mapples,dmapplesb6@china.com.cn,8394 Gateway Court,mUbMWyV,151.97,seller
404,Fitz,Tiner,ftinerb7@accuweather.com,42108 Hauk Lane,4XCnk1TfRLLx,74.14,buyer
405,Sheelah,Dominguez,sdominguezb8@china.com.cn,41 Jay Terrace,91Uz1t,4.02,seller
406,Ashien,Mapledoram,amapledoramb9@buzzfeed.com,76290 Amoth Terrace,OYpAZWQ5Uc,146.35,buyer
407,Ibrahim,Lilywhite,ililywhiteba@dropbox.com,3 Hoepker Way,rfpCf3rtvvt,202.39,seller
408,Tucker,Mertsching,tmertschingbb@utexas.edu,7567 Harper Circle,mx4TJOxP3Ui,37.12,buyer
409,Wini,Tremain,wtremainbc@unc.edu,99 Bowman Circle,vGaXCTsp,45.87,buyer
410,Eulalie,Odam,eodambd@utexas.edu,50 Anthes Junction,IlSPzOAGGMYF,42.82,seller
411,Albina,Greenhow,agreenhowbe@smh.com.au,99 Iowa Junction,ojRc5yR5zV,59.35,buyer
412,Vere,Le Galle,vlegallebf@hostgator.com,8 Ruskin Avenue,uQeQ9HJ,58.35,buyer
413,Olivier,Gearty,ogeartybg@irs.gov,2515 Sycamore Terrace,3GEnLZhs,110.89,buyer
414,Briana,Rizzini,brizzinibh@blinklist.com,4054 Oriole Parkway,XoJNvFOk1p9,74.56,seller
415,Humphrey,Orrow,horrowbi@pen.io,118 Lillian Place,uzjla08EuG,200.88,buyer
416,Skelly,Tremble,stremblebj@infoseek.co.jp,87 Briar Crest Road,0m7CcIe,260.84,seller
417,Gayleen,Ralestone,gralestonebk@un.org,33411 Cottonwood Avenue,qscSrF7Dwc0P,85.11,seller
418,Griffie,Brimham,gbrimhambl@so-net.ne.jp,2 Brown Court,8mbMNld,143.75,seller
419,Jasmina,Depke,jdepkebm@bbb.org,5 Namekagon Drive,japXEhrlF,82.15,seller
420,Randell,Tett,rtettbn@abc.net.au,8066 Fulton Way,4NKracWKgx,64.27,buyer
421,Karlens,Adel,kadelbo@redcross.org,1021 South Trail,Ir1QnKHtSyvg,15.3,buyer
422,Ginnifer,Whitwham,gwhitwhambp@is.gd,7 Elgar Circle,24mn1uLTMH4,17.74,seller
423,Atalanta,Hedworth,ahedworthbq@businessweek.com,0 Bultman Road,8kgx94s1SzhF,166.55,buyer
424,Joyan,Lammiman,jlammimanbr@domainmarket.com,50476 Clemons Hill,UjsEg5B,47.91,buyer
425,Veronica,Hobbema,vhobbemabs@squarespace.com,1707 Crescent Oaks Drive,Qryhdmnpe,101.26,buyer
426,Laurel,Frangleton,lfrangletonbt@furl.net,7 Lotheville Hill,HzDRZzyQ,43.55,seller
427,Jeanne,Feathers,jfeathersbu@creativecommons.org,7809 Weeping Birch Place,NccSKU2QBBCz,45.81,buyer
428,Shelton,Porkiss,sporkissbv@japanpost.jp,0996 Luster Point,29eAun7d5Dkz,94.73,seller
429,Baron,Huygen,bhuygenbw@apache.org,80 Canary Alley,NYord3,24.42,seller
430,Demetre,Cuncarr,dcuncarrbx@bbc.co.uk,2 Ronald Regan Drive,cee91fKqnHQG,31.16,seller
431,Emelia,Slamaker,eslamakerby@comsenz.com,9 Anderson Alley,rEb2IhH6Y,184.07,buyer
432,Cletus,Monsey,cmonseybz@myspace.com,66 Westerfield Lane,EIcT9oCl,23.88,seller
433,Curt,Tuma,ctumac0@wikispaces.com,1 6th Street,O2LWgVig,159.04,seller
434,Marta,Lindop,mlindopc1@netvibes.com,0947 5th Plaza,Eq0BDqgt,98.1,seller
435,Arline,Cranke,acrankec2@mac.com,6164 Bayside Circle,ovYIIi7mQW3,36.98,seller
436,Brana,Pickavance,bpickavancec3@tripadvisor.com,3 Chive Trail,cNlIdu9X,130.1,seller
437,Leland,Markson,lmarksonc4@smh.com.au,3 Lotheville Plaza,977qoh,137.85,seller
438,Daryn,Lundy,dlundyc5@cnn.com,27 Thierer Point,oVfsDKaZm6,167.13,seller
439,Sib,Harbison,sharbisonc6@opera.com,2065 South Alley,cm0PG2,147.49,buyer
440,Lana,Cadell,lcadellc7@chron.com,05660 Randy Hill,cQHZTd,122.18,buyer
441,Tisha,Vant,tvantc8@jalbum.net,95757 Schurz Avenue,VgthCwM,97.9,seller
442,Susy,Burrill,sburrillc9@ow.ly,6 Sutherland Circle,465FE7049B,92.46,seller
443,Danila,Manns,dmannsca@joomla.org,12 Birchwood Terrace,TRmUpidFfn,158.9,seller
444,Brand,Ferronet,bferronetcb@apache.org,4018 Leroy Drive,DsczqY8F3x1,79.18,seller
445,Kali,Nanuccioi,knanuccioicc@delicious.com,04983 Butterfield Pass,hOtCRXYBGHV8,33.15,seller
446,Rossy,Hulett,rhulettcd@github.io,01 Hanover Point,tycPPsro8kAc,111.4,buyer
447,Zaccaria,Walcot,zwalcotce@craigslist.org,2 Knutson Plaza,3vsAVYsG,50.01,seller
448,Inglis,Manie,imaniecf@technorati.com,66577 Towne Circle,2pQVnZs,139.18,buyer
449,Rabi,Garett,rgarettcg@networkadvertising.org,71652 Hooker Lane,qqY9u3VTBqT,148.36,seller
450,Berta,Kynastone,bkynastonech@ovh.net,3 Village Alley,ltqkc2gB9AG,88.99,seller
451,Glenna,Geddes,ggeddesci@histats.com,399 American Ash Plaza,gzZ232ZW17,75.04,buyer
452,Amaleta,Heigold,aheigoldcj@squidoo.com,77 Pankratz Street,nRfGzWxB,125.51,buyer
453,Essy,Gebby,egebbyck@last.fm,58 Dakota Parkway,Ex8Xsp7R9y3,25.93,buyer
454,Bridgette,Barhem,bbarhemcl@ftc.gov,0 Golf Course Hill,3as0eQPhIi,81.21,buyer
455,Cynthy,Langmuir,clangmuircm@artisteer.com,2711 Hoffman Trail,sXnfXak8fF,90.73,buyer
456,Merridie,Jenkin,mjenkincn@tmall.com,7 Northfield Point,ykQkWHgyC8lO,167.03,seller
457,Rae,McCallam,rmccallamco@cafepress.com,2117 North Avenue,TTHddnXPmyQf,75.45,buyer
458,Lindsey,Matus,lmatuscp@yolasite.com,0 Vahlen Trail,kwkAaV1saOD,90.8,buyer
459,Grissel,Bowser,gbowsercq@mediafire.com,8 Hanson Pass,phW4IB,34.24,buyer
460,Matthiew,Iddons,middonscr@ezinearticles.com,4 Summit Court,cvNDtNE11B,8.26,seller
461,Serge,Popley,spopleycs@yale.edu,93756 Burrows Lane,dx5V8nQaQq,155.38,buyer
462,Katha,Wagstaff,kwagstaffct@typepad.com,7045 Mcguire Place,JSvXUgF,85.89,buyer
463,Sasha,Costello,scostellocu@howstuffworks.com,242 Milwaukee Court,q7gvDj,194.59,seller
464,Harrison,Bruckstein,hbrucksteincv@multiply.com,552 Ridgeview Hill,Tj4F73dlJG,76.11,buyer
465,Leon,Petchell,lpetchellcw@google.cn,8264 Montana Trail,9uB8Ku,40.21,buyer
466,Belva,Ajam,bajamcx@loc.gov,89 Sloan Lane,JE38wU,97.26,seller
467,Licha,Macbane,lmacbanecy@utexas.edu,82 Hayes Drive,HZucIXokaFD,126.93,seller
468,Wilburt,Parkinson,wparkinsoncz@woothemes.com,01 Morningstar Crossing,qWw5tTSCxR,63.23,buyer
469,Sammy,Clevely,sclevelyd0@ed.gov,7138 Schlimgen Park,7EToZqF7,139.3,seller
470,Leone,Renwick,lrenwickd1@reverbnation.com,79396 Hallows Road,izBveNLBk,110.27,seller
471,Clementia,Sterman,cstermand2@indiatimes.com,4919 Reindahl Court,ILfHd3n,103.15,buyer
472,Meier,Dungay,mdungayd3@shutterfly.com,92 Express Avenue,2OjwhNj3K3,67.41,seller
473,Leopold,Blythe,lblythed4@home.pl,6425 3rd Plaza,3ufJS1DL2r,78.95,buyer
474,Raven,Parren,rparrend5@cpanel.net,1 Debs Park,ECbASPro6k,157.82,seller
475,Bartlet,Biggans,bbiggansd6@pbs.org,43 Lawn Trail,JPnPggRz,134.89,buyer
476,Stormie,Coathup,scoathupd7@xrea.com,3 Messerschmidt Circle,H6ya1TLa1GRo,28.29,buyer
477,Beale,Diplock,bdiplockd8@slashdot.org,7908 Dryden Park,1LRqLih,109.01,buyer
478,Meris,Keningham,mkeninghamd9@instagram.com,5794 Bartelt Crossing,SbXVcWPv0Z,68.14,buyer
479,Queenie,Mossdale,qmossdaleda@bizjournals.com,53485 Morrow Pass,GENft2vlFmSI,130.9,buyer
480,Karel,Livzey,klivzeydb@facebook.com,065 Old Gate Place,p5aYwqe,179.22,seller
481,Pamela,Compson,pcompsondc@tamu.edu,28511 Jay Parkway,teXVzDNo,131.2,seller
482,Marc,Mose,mmosedd@cisco.com,7 Canary Hill,poTWcgW,120.76,buyer
483,Elka,Yeulet,eyeuletde@usnews.com,700 Magdeline Place,D2OUCIZJ,52.8,buyer
484,Mitchel,Tabrett,mtabrettdf@godaddy.com,701 Sherman Trail,pevsMy,16.82,buyer
485,Mitch,Bellany,mbellanydg@furl.net,2 Spenser Pass,xWrVk1ym,152.07,seller
486,Elly,Matissoff,ematissoffdh@mac.com,7 Shoshone Terrace,Lz7VygzV9y7B,88.31,buyer
487,Zorana,Sivyer,zsivyerdi@hubpages.com,39707 Goodland Place,jvymyF2f,101.3,buyer
488,Margy,Huckerby,mhuckerbydj@about.com,39 Mcbride Alley,FLa6RvaYMYk,91.21,seller
489,Isa,Willetts,iwillettsdk@google.cn,22 Atwood Hill,zsUEn8,68,buyer
490,Helenka,Croughan,hcroughandl@purevolume.com,172 Spohn Place,Ht644Cl4Pq,106.17,seller
491,Myca,Tims,mtimsdm@latimes.com,41307 Hanover Parkway,aeyUQlC,128.33,buyer
492,Dacy,Beringer,dberingerdn@cmu.edu,2393 Meadow Ridge Pass,E6AsE3I7ka4,103.5,buyer
493,Wally,Ovenden,wovendendo@google.de,29800 Butternut Alley,ipcGzyQ,80.56,seller
494,Sadella,Ruston,srustondp@cbc.ca,5 Talisman Avenue,rPmkatuZtOD9,164.27,buyer
495,Mallissa,Jephcott,mjephcottdq@sitemeter.com,75 High Crossing Point,EvGnpzJcf,182.02,buyer
496,Mireielle,Dalston,mdalstondr@amazon.de,63 Schiller Terrace,HBO73SCCDJUg,118.75,buyer
497,Leticia,Torrance,ltorranceds@simplemachines.org,594 Reindahl Parkway,NkqvZo,61.3,buyer
498,Jane,Collihole,jcolliholedt@gnu.org,1 Mosinee Pass,ow4pGL,126.54,buyer
499,Quinn,Kleinlerer,qkleinlererdu@fastcompany.com,3920 Alpine Crossing,731Odd7IW,144.82,buyer
500,Quillan,Curman,qcurmandv@flickr.com,9449 Buena Vista Parkway,XEgSk30a,22.65,seller
501,Gwendolyn,Jager,gjagerdw@soundcloud.com,1771 Gale Alley,d1f4EzejhbvT,63.12,buyer
502,Carlota,Sarchwell,csarchwelldx@sitemeter.com,52654 Welch Lane,JO9rvfAVuO,159.51,seller
503,Alvina,Cossins,acossinsdy@businessinsider.com,3 Hayes Drive,eT0RSgUiS,33.96,seller
504,Cesare,Tumielli,ctumiellidz@webmd.com,21 South Street,LM8knQqOnCA,129.79,seller
505,Lynette,Krienke,lkrienkee0@sfgate.com,0007 Tennyson Hill,BaIYqSP3q,128.85,seller
506,Tibold,Kirvin,tkirvine1@pinterest.com,2 Monterey Point,tpnS9Y4gtXSS,108.6,seller
507,Hagan,Akrigg,hakrigge2@booking.com,5040 Anthes Place,CsTgDeOnnEe,210.07,buyer
508,Benni,O'Carran,bocarrane3@angelfire.com,29657 Marquette Way,sBPWT5f5InX,137.93,buyer
509,Florida,Cargon,fcargone4@ucla.edu,206 Vidon Terrace,R8IFiq7UkF,112.42,buyer
510,Goldie,Davenall,gdavenalle5@cnbc.com,3 Cardinal Drive,9adMnETa2Fj,20.12,buyer
511,Meggy,Eckels,meckelse6@linkedin.com,016 Cambridge Crossing,voV4uo,128.6,buyer
512,Burke,MacConnechie,bmacconnechiee7@spiegel.de,2 Steensland Drive,GFkkmZzjm,132.4,buyer
513,Bibi,Tick,bticke8@amazonaws.com,61 Rutledge Crossing,9CeS086,141.84,seller
514,Moreen,Aiton,maitone9@twitpic.com,70 Oxford Point,MeTKwT,20.16,seller
515,Oneida,Heavyside,oheavysideea@seattletimes.com,2044 Cherokee Court,6r2RaCZE6,81.36,buyer
516,Garald,Stoodale,gstoodaleeb@time.com,801 Summerview Place,yHvmeM5fcj,139.87,seller
517,Margit,Mathieson,mmathiesonec@networksolutions.com,9 Ramsey Road,QslsO7UqEL,73.8,seller
518,Colin,Martins,cmartinsed@pcworld.com,6 East Crossing,nBNVnxJP,64.31,seller
519,Hayley,Sapauton,hsapautonee@constantcontact.com,80357 Summerview Court,kWirpnjnUaYE,180.02,buyer
520,Luciano,Muldownie,lmuldownieef@abc.net.au,66 Kennedy Court,szrGkGJ,103.76,seller
521,Burg,Lamboll,blambolleg@springer.com,08 Grayhawk Parkway,tF0AhIPnk,166.44,buyer
522,Bride,Farriar,bfarriareh@google.es,29674 Waywood Road,yO40PLIegX,134.24,seller
523,Erika,McFaell,emcfaellei@live.com,3850 Grasskamp Terrace,d5eWkjgCgvO,76.07,seller
524,Syd,Larive,slariveej@berkeley.edu,2269 Oak Alley,vD3dEjEu4,139.55,buyer
525,Libbie,Baldini,lbaldiniek@blogger.com,47435 Kim Parkway,xX9vIHy9Azq,148.25,buyer
526,Giffy,Hankins,ghankinsel@angelfire.com,0824 Emmet Road,EOZOlp0L,31.58,buyer
527,Selene,Fowden,sfowdenem@independent.co.uk,2 Starling Circle,3GoUk3,136.22,seller
528,Lilllie,Wigglesworth,lwigglesworthen@eventbrite.com,7616 New Castle Parkway,GQfAfeNf0,12.09,seller
529,Meggi,Juarez,mjuarezeo@wp.com,88 Center Drive,ky6BOMthj,41.98,buyer
530,Mae,Corhard,mcorhardep@independent.co.uk,3 Lunder Point,MqVYGn9lbg,113.39,buyer
531,Aubry,Braddon,abraddoneq@buzzfeed.com,56 Loomis Crossing,dlHQbv7Onj,19.51,buyer
532,Mozelle,Driffield,mdriffielder@blinklist.com,9 Daystar Lane,nroppSqzs920,86.69,buyer
533,Judy,Kidstoun,jkidstounes@oracle.com,4 Kim Alley,ji6i4Ap1ZYY,142.7,seller
534,Gilles,Dacke,gdackeet@t.co,48 Sycamore Junction,B14FrxQpX,24.85,buyer
535,Sisile,Webermann,swebermanneu@csmonitor.com,176 Old Gate Alley,YuLxs6,83.92,seller
536,Kippie,Vecard,kvecardev@shareasale.com,20835 Atwood Center,XhDQfAfqm,127.64,seller
537,Nickolaus,Winchurch,nwinchurchew@oaic.gov.au,35 Upham Road,PW4xnpE4,62.85,buyer
538,Ferdie,Pinks,fpinksex@jugem.jp,8 Hauk Parkway,2Uo16fl,74.7,buyer
539,Nanon,Feifer,nfeiferey@meetup.com,90527 Thompson Place,uiSDfmk92mv,114.09,buyer
540,Marcelo,Dupre,mdupreez@xinhuanet.com,31955 Hoepker Drive,97pTrLwSnT,57.46,buyer
541,Catrina,Creer,ccreerf0@wikia.com,8 Maywood Pass,YZbF3S0WY,109.7,seller
542,Sarge,Jedrysik,sjedrysikf1@about.me,26923 Sundown Pass,CI6lANt,130.97,buyer
543,Chariot,Cressy,ccressyf2@bing.com,7218 2nd Terrace,ELr4BRbfM8Ae,30.31,buyer
544,Ginny,Giacobillo,ggiacobillof3@google.co.jp,082 Mifflin Plaza,SPl65mG,4.17,buyer
545,Rutledge,Besson,rbessonf4@wired.com,99 Springs Point,5hW1ZWAb,112.43,seller
546,George,Gormley,ggormleyf5@dailymail.co.uk,5666 Hansons Street,INxxdBUouqP2,62.81,seller
547,Ernestus,Parton,epartonf6@whitehouse.gov,61 Rieder Trail,7O6DG48kRpd,93.22,buyer
548,Tiffani,Hales,thalesf7@princeton.edu,41 Randy Drive,wtG5utEOJm,169.27,seller
549,Collen,Treves,ctrevesf8@mit.edu,601 Novick Park,0SovVieNKZqS,13.32,seller
550,Georgina,Knewstubb,gknewstubbf9@businessinsider.com,582 Oxford Street,EAE5Pg12,101.99,buyer
551,Gare,Lopez,glopezfa@ycombinator.com,73758 Oriole Center,hrKBkpLmP,20.78,seller
552,Joanie,Foucar,jfoucarfb@i2i.jp,98763 Logan Alley,qc4IFCMjIOt,125.86,buyer
553,Karla,De Zamudio,kdezamudiofc@eventbrite.com,72595 Birchwood Court,4F5UZmnWP,166.35,buyer
554,Koren,Ollett,kollettfd@ebay.co.uk,89097 Morrow Junction,vBGlBa,125.02,seller
555,Cloris,Farnes,cfarnesfe@wisc.edu,9977 Larry Alley,n0LLdWUNp0,162.2,buyer
556,Connor,Gooder,cgooderff@cyberchimps.com,6960 Packers Point,1skQmp,89.26,buyer
557,Merilee,Drage,mdragefg@liveinternet.ru,72 Almo Parkway,yCnAlAC,116.41,buyer
558,Jonie,Fozard,jfozardfh@twitpic.com,698 Mitchell Crossing,oJzAYILD,106.23,buyer
559,Daven,Robey,drobeyfi@kickstarter.com,9673 Shopko Court,wGe4WW,63.34,buyer
560,Welbie,Grivori,wgrivorifj@google.fr,297 Tennyson Crossing,LJxvGreeG2w,2.25,seller
561,Dennie,Whatmough,dwhatmoughfk@twitpic.com,03186 Cordelia Trail,XgEhQB,144.96,seller
562,Mora,Reddlesden,mreddlesdenfl@cam.ac.uk,0 Tennyson Plaza,kbpmDdTX52l,198.05,seller
563,Taddeusz,Di Iorio,tdiioriofm@gov.uk,1 Petterle Junction,pCxdRAN1cYp,84.49,seller
564,Cosette,Dugdale,cdugdalefn@github.com,04 Mesta Road,BifB2bbq9aRs,64.14,buyer
565,Rayner,Crew,rcrewfo@surveymonkey.com,954 Ruskin Point,hFYoYQ,78.11,buyer
566,Alyse,Barling,abarlingfp@omniture.com,252 Mayer Alley,Hw8x9LT,64.92,buyer
567,Lamar,Sanderson,lsandersonfq@miibeian.gov.cn,9 Shelley Circle,lqZMRgjJ,45.81,buyer
568,Daffie,Ferrolli,dferrollifr@biblegateway.com,71702 Summer Ridge Terrace,GxxwuUJX,13.03,buyer
569,Skipton,Hothersall,shothersallfs@etsy.com,56039 Hanover Court,L4uI7d1TzL,190.03,buyer
570,Louise,Grigaut,lgrigautft@tripadvisor.com,53 Hayes Hill,bRHAeqbHA,18.51,buyer
571,Massimo,Ilson,milsonfu@goo.ne.jp,09 Florence Alley,OpAetI6z4R,167.83,buyer
572,Catharine,Chattelaine,cchattelainefv@github.com,95 Lotheville Circle,dzCVGHEH9,157.82,seller
573,Arlette,Pilipyak,apilipyakfw@princeton.edu,8242 Marquette Point,snH2eUk8H,111.08,seller
574,Sammie,Conquest,sconquestfx@360.cn,50090 Tony Street,lrteiZEM,101.03,seller
575,Noelle,Boxhill,nboxhillfy@4shared.com,9528 8th Lane,RURdnVH3,263.75,buyer
576,Rozina,Cade,rcadefz@webs.com,7 Moulton Trail,wEsZwIPRB2,148.56,buyer
577,Creigh,Crosse,ccrosseg0@bandcamp.com,76551 Bunting Circle,yFyrhv,86.26,buyer
578,Barnie,McDavid,bmcdavidg1@marketwatch.com,1388 Dwight Street,cd4hyhCv,72.9,buyer
579,Debby,Tregent,dtregentg2@geocities.jp,51 Sloan Crossing,AtZ8d083K,58.36,seller
580,Amelita,Jaquiss,ajaquissg3@nymag.com,93 Duke Drive,k2mDbtvd,125.62,seller
581,Scarlet,Yukhnin,syukhning4@ameblo.jp,7540 Park Meadow Junction,ZdJvgvxG,112.63,buyer
582,Juana,Millett,jmillettg5@163.com,7 Division Avenue,xXu6gM9,95.19,seller
583,Shanie,Barke,sbarkeg6@webs.com,7 Crownhardt Park,ysK0YPL3Emz,64.65,buyer
584,Molli,Atlay,matlayg7@gov.uk,57 Melrose Alley,Hj9AaRncVPXN,175.86,buyer
585,Kathlin,Shelp,kshelpg8@google.com,2 Alpine Drive,VXgmIWBNp,111.27,buyer
586,Hort,Danser,hdanserg9@icio.us,1531 Garrison Place,F1wDHHZm,125.06,seller
587,Gav,Nicholls,gnichollsga@omniture.com,02 Pond Junction,eW0Tmx3zu3,21.9,buyer
588,Maurita,Grandin,mgrandingb@yolasite.com,0527 Beilfuss Alley,Lkf77Z7Ogiy,82.85,seller
589,Joceline,Ponting,jpontinggc@kickstarter.com,551 Caliangt Terrace,d2jAidoBAAAI,56.79,seller
590,Ivy,Bawle,ibawlegd@hexun.com,003 Crowley Circle,itViUWpgmM,179.73,buyer
591,Gabbi,Bedding,gbeddingge@boston.com,98 Blue Bill Park Way,GGJzRe7gHKeZ,13.2,seller
592,Sandy,Yakunchikov,syakunchikovgf@cyberchimps.com,47 Comanche Plaza,Eb0O462,155.7,buyer
593,Saraann,McCutcheon,smccutcheongg@unc.edu,75700 Dakota Street,c08BTFwNLg,140.96,seller
594,Jack,De Ambrosi,jdeambrosigh@people.com.cn,4 Hanover Center,OEbbkcx0LAK,60.86,buyer
595,Constance,Detloff,cdetloffgi@soundcloud.com,378 Coolidge Circle,a8vW99G5,96.31,seller
596,Inger,Mardlin,imardlingj@tinypic.com,03 Crowley Pass,sooJVTa0HV,134.81,buyer
597,Izabel,Botterman,ibottermangk@freewebs.com,2811 Lake View Pass,IzHNIzC,70.68,seller
598,Cull,Hallatt,challattgl@parallels.com,63658 Corben Terrace,yGc7uEYFh,40.5,buyer
599,Lyda,Buche,lbuchegm@free.fr,9 Novick Circle,WJVYoYBKYw4,31.28,buyer
600,Chad,Basant,cbasantgn@blogs.com,118 Melvin Lane,CxgPvHZ,41.18,seller
601,Phylis,Arnull,parnullgo@freewebs.com,45 Artisan Point,DaDT10Qwd,60.38,buyer
602,Kassi,Martynka,kmartynkagp@samsung.com,8849 Claremont Drive,99JMjaQcDIMB,137.62,buyer
603,Lyell,de Clerq,ldeclerqgq@tiny.cc,19425 Artisan Trail,csfhjdbiLT,85.79,buyer
604,Minor,Fautly,mfautlygr@infoseek.co.jp,7 Schmedeman Place,uIntqswm,101.7,buyer
605,Benedick,Krinks,bkrinksgs@ocn.ne.jp,7188 Namekagon Street,JTJALc5AUA63,128.19,buyer
606,Schuyler,Everist,severistgt@businesswire.com,35448 Melrose Center,XbEOJ1Bu7Wya,130.83,buyer
607,Valle,McKerton,vmckertongu@latimes.com,1 Moland Place,VXm46cExot,105.27,buyer
608,Florrie,Whall,fwhallgv@soundcloud.com,43 Maryland Avenue,g73ZpiiKF4n,89.53,buyer
609,Arnoldo,Bedson,abedsongw@sbwire.com,8781 Mesta Place,SzS79W7E5,96.06,buyer
610,Nelli,McElmurray,nmcelmurraygx@dot.gov,3414 Kennedy Way,pV3Te88o5,114.09,seller
611,Hervey,Chatelot,hchatelotgy@amazon.co.uk,49848 Evergreen Plaza,0i59DI,35.92,seller
612,Kamilah,Legrand,klegrandgz@sphinn.com,43896 Shoshone Park,xvW0gXQ,130.54,buyer
613,Dill,Enrico,denricoh0@npr.org,2 Delladonna Pass,e2ptRG,55.48,buyer
614,Chance,Wallbutton,cwallbuttonh1@nsw.gov.au,23163 Melrose Center,CiE6ro,40.08,buyer
615,Kimbra,O'Lahy,kolahyh2@cnbc.com,65 Summit Avenue,MuEGfzD,127.04,seller
616,Jennica,Tompsett,jtompsetth3@usatoday.com,72760 Redwing Junction,QAgt4Qu1n,133.95,seller
617,Shay,Crookston,scrookstonh4@mtv.com,95 Ridgeview Junction,fuOMvtrZ,124.95,buyer
618,Collette,Fearn,cfearnh5@boston.com,82 Manitowish Avenue,WGkgrBRBjhv,19.23,seller
619,Justen,Curtis,jcurtish6@creativecommons.org,8 Gerald Hill,CDExHI3sm3ql,104.32,buyer
620,Beauregard,Gouge,bgougeh7@oaic.gov.au,4081 Mesta Lane,Tbpd5J9,24.17,seller
621,Hobey,Souza,hsouzah8@bloglovin.com,54 Kropf Alley,L5kwHY,167.03,buyer
622,Tomaso,Goldstein,tgoldsteinh9@sfgate.com,77 Everett Point,IIXhRz0kC,72.13,buyer
623,Schuyler,Tittershill,stittershillha@networkadvertising.org,31 Heffernan Circle,AnFsjyRhkb3,80.6,buyer
624,Phyllys,Southerton,psouthertonhb@mediafire.com,2626 Sunfield Terrace,JwOaLn1kE,80.58,buyer
625,Tiffani,Glassborow,tglassborowhc@pinterest.com,96595 Lotheville Point,x4xxdHag,135.67,buyer
626,Jorge,Pettisall,jpettisallhd@cdbaby.com,0 Prairie Rose Court,WD4rVmh,92.66,buyer
627,Huntington,Dowson,hdowsonhe@usgs.gov,4640 Arapahoe Junction,7qtN5K6P,84.09,buyer
628,Marchall,Arpe,marpehf@phpbb.com,333 Burning Wood Pass,jNLQxbB,50.81,seller
629,Gwenora,Ruggles,gruggleshg@mapy.cz,07785 Fordem Park,SfhNf1o,201.66,buyer
630,Tobi,Birden,tbirdenhh@spiegel.de,37244 Rutledge Avenue,YzXRXNm9HGRq,68.17,buyer
631,Elias,Luscott,eluscotthi@list-manage.com,23306 Onsgard Point,zGQeyBc,187.95,seller
632,Loleta,Merriman,lmerrimanhj@senate.gov,33031 Meadow Vale Terrace,VlFxkf7gZx,85.4,seller
633,Joceline,Kennerknecht,jkennerknechthk@surveymonkey.com,28 Harper Park,TpsLT1Pw,99.66,seller
634,Justus,Creek,jcreekhl@zdnet.com,75958 Tennessee Circle,ke1fGDQg,61.39,seller
635,Falkner,Renouf,frenoufhm@fc2.com,9716 Nova Junction,rNmEoqHb,97.36,buyer
636,Maurits,Bettaney,mbettaneyhn@livejournal.com,68 Jenna Street,tsysHKsct,147.82,buyer
637,Josee,Dran,jdranho@techcrunch.com,87008 Hanover Circle,MSmwQedT,76.08,seller
638,Lethia,Raitt,lraitthp@usa.gov,12 Dixon Place,DrxWtYbSO7,43.86,buyer
639,Jeana,Shulem,jshulemhq@surveymonkey.com,6941 Doe Crossing Park,HoaoZKPuk,86.21,seller
640,Pia,Choak,pchoakhr@berkeley.edu,2 Blackbird Hill,j2ujVc6,145.57,seller
641,Neale,Dewing,ndewinghs@bizjournals.com,0 Fulton Court,Fl1sHiJlV,78.46,buyer
642,Evangelia,Matthis,ematthisht@hud.gov,57 Old Shore Place,1uniZG23,87.14,buyer
643,Marlane,Dafforne,mdaffornehu@europa.eu,8057 Eagan Circle,IsAjsSptFhYX,46.91,buyer
644,Charline,Goldston,cgoldstonhv@naver.com,4 Eggendart Avenue,6AiFZDamEPij,169.65,seller
645,Henrik,Cordelette,hcordelettehw@behance.net,94188 Utah Center,J5Ajj3yA,167.05,seller
646,Chicky,Meni,cmenihx@ucla.edu,975 Stephen Point,nlk0fYUsHGu,19.32,seller
647,Katrina,Muzzini,kmuzzinihy@constantcontact.com,0 Tennyson Parkway,HZsT5onjjR,44.81,buyer
648,Junette,Beeby,jbeebyhz@wix.com,6294 Charing Cross Crossing,gguddQQwm,125.16,seller
649,Fletch,McNea,fmcneai0@1688.com,5 Independence Park,XwWs1kS,150.09,seller
650,Sioux,Benneton,sbennetoni1@newsvine.com,31882 Towne Street,Hk9UFG8tNnrv,8.51,buyer
651,Edithe,Kretchmer,ekretchmeri2@patch.com,27 Bunting Pass,HdBcxbj,174.7,buyer
652,Roy,Denham,rdenhami3@slashdot.org,528 Hoard Road,ABbQ9o,111.73,seller
653,Kelsey,Pawlaczyk,kpawlaczyki4@sohu.com,9 Hooker Drive,RZgPIYL3re,108.4,seller
654,Karole,Chave,kchavei5@networksolutions.com,82 Kenwood Crossing,ftkp5onkB,78.21,buyer
655,Lyndel,Iban,libani6@mysql.com,021 Eastwood Alley,nylRBt,98.65,buyer
656,Derron,Bahl,dbahli7@taobao.com,300 Sundown Pass,GCGgToeA,65.5,buyer
657,Boris,Salvadore,bsalvadorei8@ask.com,214 Farragut Avenue,NsLAc7lPQlW,89.52,seller
658,Clemmie,Ambrogiotti,cambrogiottii9@seesaa.net,57223 Schurz Street,MurbJgr6,80.23,seller
659,Tabb,Lindores,tlindoresia@amazon.co.uk,868 Nancy Junction,Y3LMiqTLs,122.79,seller
660,Boycey,Vassano,bvassanoib@noaa.gov,9 Manley Street,5rGEZ9SNORz,206.56,buyer
661,Caressa,Kielty,ckieltyic@huffingtonpost.com,725 Claremont Hill,a68QP0ED,56.82,seller
662,Lissie,Crilly,lcrillyid@cpanel.net,55 Hintze Hill,gQmOSYHtcxYG,93.22,buyer
663,Jessalin,Androsik,jandrosikie@usnews.com,06797 Rigney Crossing,YID21VxQ3v,95.11,buyer
664,Katina,Osmint,kosmintif@forbes.com,6827 Ilene Place,zISw9Z,61.32,seller
665,Aland,Stiegar,astiegarig@delicious.com,94 International Parkway,UuF8sd0,197.7,buyer
666,Tamqrah,Costley,tcostleyih@symantec.com,31 Lake View Plaza,ezJ2gz,100.72,seller
667,Gregorio,Dunlop,gdunlopii@businessweek.com,586 Washington Trail,i7zfJ8yE1pE,109.79,seller
668,Lynnell,Sulman,lsulmanij@shinystat.com,2115 Iowa Trail,o2vp6WTu5SC,103.2,buyer
669,Flemming,Vasler,fvaslerik@aboutads.info,2 Weeping Birch Road,rEV7DP3K4Oc,17.59,buyer
670,Ofelia,Myring,omyringil@cisco.com,9 Union Way,ArmulXvhrmA,109.85,seller
671,Rea,Eads,readsim@auda.org.au,71 Oriole Drive,EctBvw1mt,48.13,seller
672,Nero,Van der Velde,nvanderveldein@nih.gov,24401 American Court,43P9oQHx,6.72,buyer
673,Athene,Witherup,awitherupio@blog.com,0035 Armistice Hill,VIVZYK78,104.39,seller
674,Lonni,Harling,lharlingip@narod.ru,22250 Barby Point,mLslzK8B,122.14,buyer
675,Raffarty,Seakin,rseakiniq@ebay.co.uk,033 Surrey Place,bKEfQCW,67.48,buyer
676,Rozamond,Milch,rmilchir@columbia.edu,6660 Memorial Crossing,chalJxliI9N8,80.81,buyer
677,Ingunna,Elder,ielderis@usnews.com,1 Meadow Ridge Trail,Y8jbuTIPSUo,125.78,seller
678,Flossy,Menure,fmenureit@si.edu,43 Lyons Road,12pXmSZ3AI,127.27,seller
679,Farleigh,Larcombe,flarcombeiu@comsenz.com,723 3rd Drive,33BGkwlltr,25.97,seller
680,Siegfried,Sewell,ssewelliv@aol.com,6943 Washington Junction,jcluBzUC,89.61,buyer
681,Rikki,Chaffe,rchaffeiw@amazon.de,6053 Pennsylvania Junction,17iDtLgaTQ,70.27,buyer
682,Darda,Oldcote,doldcoteix@about.com,1090 Anhalt Circle,kdwm2i9N,119.22,seller
683,Husein,Breit,hbreitiy@mozilla.com,633 Kensington Place,VEwz7Ahu4d2n,40.75,seller
684,Rosalynd,Kleen,rkleeniz@twitpic.com,54 Stuart Hill,82zcTl9,19.56,seller
685,Cori,Hatliffe,chatliffej0@google.com,7 Weeping Birch Point,YpJ4oe,62.64,seller
686,Westleigh,Alejo,walejoj1@webmd.com,5 John Wall Circle,hVC2DU,141.23,buyer
687,Porter,Carlisi,pcarlisij2@bravesites.com,0897 Park Meadow Road,1aO0nE48,129.06,seller
688,Corina,Ibbison,cibbisonj3@sourceforge.net,6337 Larry Point,ZbORV6I,103.81,seller
689,Sigrid,Worcs,sworcsj4@theatlantic.com,85811 Blue Bill Park Plaza,hN1sdZw,128.21,buyer
690,Tabbi,Pittel,tpittelj5@printfriendly.com,89004 Anhalt Junction,DOCsvo6hftEq,92.57,buyer
691,Arlyne,Hardage,ahardagej6@yandex.ru,606 Kings Road,Wp7pC64S,83.1,seller
692,Emmy,Rabbe,erabbej7@freewebs.com,32180 Sunbrook Street,FS0rMY9w,112.66,buyer
693,Averill,Deeman,adeemanj8@netvibes.com,6908 Jenna Street,0OUDLR5Gado,80.32,buyer
694,Conroy,Halbard,chalbardj9@marketwatch.com,756 Merry Park,izqoF5fKw,23.89,buyer
695,Arlen,Finders,afindersja@miitbeian.gov.cn,99 Mesta Pass,Z8VWwatq,111.7,buyer
696,Euell,Tantum,etantumjb@google.com,422 Bayside Pass,uhVwJp3zoGE,111.44,seller
697,Patsy,Custard,pcustardjc@1688.com,80 Spohn Court,miKoEqw,139.26,buyer
698,Panchito,Medmore,pmedmorejd@photobucket.com,273 Chive Avenue,dG5gRYW,122.46,buyer
699,Natalina,Maslen,nmaslenje@weibo.com,09 Brentwood Plaza,mnvMdgIAav2w,67.86,seller
700,Esta,Todeo,etodeojf@nifty.com,996 Menomonie Lane,B1h10KJF4HG,92.34,buyer
701,Shalna,Berndt,sberndtjg@freewebs.com,870 Dakota Junction,jBSIpzK,108.88,seller
702,Althea,Roskilly,aroskillyjh@themeforest.net,1741 Erie Road,X8KUNknWDFR,99.61,seller
703,Rosabella,Vazquez,rvazquezji@linkedin.com,16 Jana Point,8ckPHpp,147.85,seller
704,Corby,Baldelli,cbaldellijj@berkeley.edu,93 Corry Terrace,X0EA538P,71.03,seller
705,Daryle,Presswell,dpresswelljk@amazon.co.jp,21794 Forest Crossing,d9AAqQJWf,91.07,seller
706,Rodney,McCully,rmccullyjl@delicious.com,123 Dahle Trail,n096l8,132,seller
707,Hoyt,Follows,hfollowsjm@plala.or.jp,03085 Swallow Place,uD7f7h,169.66,seller
708,Dario,Matthaus,dmatthausjn@ocn.ne.jp,6 Clyde Gallagher Street,s21FO6oe,47.54,seller
709,Alphard,Dunthorne,adunthornejo@si.edu,03 Hazelcrest Drive,rSoZXHV,97.72,buyer
710,Gifford,Coster,gcosterjp@nytimes.com,6 Armistice Place,qcus0TjPhvpQ,47.69,seller
711,Ilene,Elce,ielcejq@china.com.cn,0 Sloan Park,o3RWf0QQfs2H,184.87,buyer
712,Fidelia,Kochl,fkochljr@ycombinator.com,36 Mosinee Way,KOTuSey8,188.01,buyer
713,Myca,Roch,mrochjs@huffingtonpost.com,73 Weeping Birch Terrace,pMJyJcZTiqF,162.33,seller
714,Erastus,Eadmeads,eeadmeadsjt@instagram.com,6 Maryland Drive,sXz2p4jPfw,58.99,buyer
715,Meade,Dales,mdalesju@facebook.com,57 Del Sol Drive,rcTIfFwp,36.8,seller
716,Barbey,Binder,bbinderjv@about.com,066 Hazelcrest Crossing,EqAjSffXx1Tq,46.09,buyer
717,Jeromy,Anyon,janyonjw@nps.gov,01 Lindbergh Lane,AW4zych,81.26,seller
718,Mirabelle,Bickerdike,mbickerdikejx@123-reg.co.uk,35840 Lillian Road,vx0gGeQ9BW,190.04,buyer
719,Tally,Gowdy,tgowdyjy@infoseek.co.jp,27 Fuller Street,aPLKrQfzhT,79.47,buyer
720,Gill,Fullerd,gfullerdjz@ycombinator.com,03291 Badeau Terrace,cHR6LjvZRL5,149.79,seller
721,Jessy,Broome,jbroomek0@mac.com,5184 Norway Maple Way,sqBB2pX3,71.81,seller
722,Bettina,Georger,bgeorgerk1@ebay.com,5566 Bowman Hill,0aurXWPvL4,240.51,buyer
723,Erroll,Wallage,ewallagek2@npr.org,574 Jenna Park,3bo6QXoRlm,125.79,buyer
724,Janka,Hanrott,jhanrottk3@github.io,89534 Londonderry Drive,gXGWaD,108.74,seller
725,Gwenette,Fricker,gfrickerk4@independent.co.uk,1017 Onsgard Drive,rG9dxtM7zMfZ,195.55,buyer
726,Anjela,Fuge,afugek5@unicef.org,0363 Weeping Birch Hill,Jdh1lR09jG,127.29,buyer
727,Benji,Pafford,bpaffordk6@paginegialle.it,4 Corscot Point,RvECzddi6,3.09,buyer
728,Jermain,Strover,jstroverk7@dailymotion.com,8 Tomscot Alley,eAg28dC08Q,143.9,seller
729,Mallory,Winkett,mwinkettk8@etsy.com,96 Bayside Park,MJbOsjp2uUc,85.18,buyer
730,Rosemaria,Ashbolt,rashboltk9@europa.eu,707 Darwin Avenue,MlMiHblMj,85.58,seller
731,Lorry,Corhard,lcorhardka@nyu.edu,8 Bunting Park,HqPP7WS,167.2,buyer
732,Addy,Dallan,adallankb@prweb.com,303 Pine View Court,BnJekp6,56.9,seller
733,Skelly,Garland,sgarlandkc@nsw.gov.au,697 Corben Lane,bacgsLvi,37.15,seller
734,Nertie,Thexton,nthextonkd@studiopress.com,601 Fremont Pass,BtjGYoaQZT5,139.15,buyer
735,Maribelle,Hayler,mhaylerke@reuters.com,828 Talisman Alley,T7Mxepu6,44.85,seller
736,Karoly,Charte,kchartekf@bbc.co.uk,138 Kipling Drive,b21YLsY9MbIK,166.36,seller
737,Cristen,Lammenga,clammengakg@walmart.com,96120 Aberg Court,Y8WPd3Z2,19.92,seller
738,Celestia,Maccrie,cmaccriekh@technorati.com,760 Surrey Circle,CScPADSp,104.3,seller
739,Aimee,Pasley,apasleyki@cdbaby.com,51 Menomonie Way,826B6heThIe,138.42,seller
740,Link,Yakubov,lyakubovkj@cmu.edu,707 Fair Oaks Road,IP427VeW8,130.59,seller
741,Cassius,Peterken,cpeterkenkk@slate.com,121 Sage Circle,Pipy4K,34.26,seller
742,Reynard,Poacher,rpoacherkl@themeforest.net,4946 Park Meadow Pass,FvAfh56hs,142.53,seller
743,Stormy,Tidcombe,stidcombekm@dyndns.org,2610 Westridge Parkway,VYo9Cf,32.98,seller
744,Zonnya,Whittock,zwhittockkn@fastcompany.com,84 Saint Paul Pass,gtUTCLWfEn,177.99,buyer
745,Roseline,Polden,rpoldenko@webnode.com,90 Arizona Circle,ki4vi3Kdt,114.14,buyer
746,Irwinn,Heineken,iheinekenkp@spotify.com,30009 Karstens Hill,3fno3q,140.9,buyer
747,Manolo,Bernardot,mbernardotkq@jalbum.net,822 Mifflin Parkway,Zer0spxWx,180.03,seller
748,Eddi,Jayme,ejaymekr@over-blog.com,5 Cardinal Lane,6BA0WK0,97.3,seller
749,Warren,Minchell,wminchellks@virginia.edu,04504 Westridge Trail,2a3YVi2W2FB,148.22,buyer
750,Lindy,Sparling,lsparlingkt@boston.com,52079 Canary Plaza,JF9vD7KbmH1S,10.19,seller
751,Ruy,Brocklesby,rbrocklesbyku@blogger.com,1 Dahle Point,pzBG8Dj,199.08,seller
752,Frederigo,Bow,fbowkv@pagesperso-orange.fr,1 Nevada Place,SPP3uX,44.05,buyer
753,Minor,Littlecote,mlittlecotekw@angelfire.com,1 Sachtjen Way,vm1AH1C,126.74,buyer
754,Torrence,Hovenden,thovendenkx@vinaora.com,40 Dottie Circle,9BDxGuKyT,102.92,seller
755,Batholomew,Dougher,bdougherky@shutterfly.com,2 Parkside Place,pRUSqvA,91.1,buyer
756,Krishnah,Aloshikin,kaloshikinkz@ameblo.jp,9 Russell Park,tWW4xR3p2,48.94,buyer
757,Dion,Aldridge,daldridgel0@unicef.org,7 Comanche Park,12qEgIOLV,58.36,buyer
758,Marsiella,Bickerdike,mbickerdikel1@pen.io,61988 Everett Plaza,tX5gMM,11.64,buyer
759,Hedi,Keneforde,hkenefordel2@miibeian.gov.cn,6384 Clove Point,ntrKK8mEwfk2,86.32,seller
760,Theresina,Borges,tborgesl3@house.gov,6688 Hanson Terrace,u6YIMZfUDt,182.79,seller
761,Sadye,Vanini,svaninil4@examiner.com,4999 Maple Drive,Xxe4usZW,126.18,seller
762,Jeddy,Groundwater,jgroundwaterl5@arizona.edu,705 Oxford Place,Dx1gTHBcu3,98.41,buyer
763,Koressa,Wadeling,kwadelingl6@dot.gov,16 Parkside Circle,pGbIIziT,149.45,seller
764,Fayth,Heers,fheersl7@comcast.net,1 Namekagon Pass,soWBchX,45.47,buyer
765,Ricki,Riddel,rriddell8@opensource.org,82 Utah Way,b84CjHP,46.84,buyer
766,Albrecht,Benois,abenoisl9@myspace.com,2919 Ridgeway Center,GFfdydLoQva,140.8,buyer
767,Casar,Maylour,cmaylourla@cargocollective.com,4 Morningstar Avenue,a1aqkXqjjV,27.16,buyer
768,Iggie,Dunsmore,idunsmorelb@google.com.br,3723 Lien Way,latE18twJB6,60.79,seller
769,Arluene,Koche,akochelc@twitter.com,90 Jay Hill,tIDkFq2tT,106.87,seller
770,Egor,Yurchenko,eyurchenkold@ameblo.jp,7390 Waxwing Plaza,4xlsVbXCbo6,133.87,seller
771,Jeanie,McNee,jmcneele@barnesandnoble.com,1706 David Court,iDXpTksJlBDM,6.93,seller
772,Wolfgang,Sayse,wsayself@simplemachines.org,5 Bay Drive,tFw7EGr,133.27,buyer
773,Colette,Grushin,cgrushinlg@merriam-webster.com,809 Green Center,f1Jy8ipmI,48.49,seller
774,Junina,Belding,jbeldinglh@alibaba.com,5605 3rd Park,Ka5x6ph7fA,28.07,seller
775,Kizzee,Medlin,kmedlinli@rakuten.co.jp,4 Vera Avenue,TuSfX7IL,175.83,seller
776,Glenda,Scard,gscardlj@alibaba.com,7 Kipling Way,Ry9ND1FnVjfm,30.51,buyer
777,Moses,Bellon,mbellonlk@adobe.com,129 Sutherland Court,nXzI5i79,113.06,buyer
778,Shawn,Cosford,scosfordll@ehow.com,24176 Merry Road,ie1rFG,168.92,seller
779,Madelena,Gomby,mgombylm@about.me,7444 Lerdahl Alley,GVyPfu9qs,107.52,buyer
780,Elvin,Clemetts,eclemettsln@skype.com,89178 Burrows Trail,i7nigTzLB44,105.29,buyer
781,Weylin,Kennett,wkennettlo@dyndns.org,63632 Reindahl Parkway,ELsJNyQxXm,138.83,seller
782,Lorianne,Berni,lbernilp@dropbox.com,229 Blue Bill Park Plaza,ZrS1MzIHCe,28.98,buyer
783,Briggs,Gazzard,bgazzardlq@mashable.com,675 Troy Court,4BFucOWx,67.32,seller
784,Archibald,Clarae,aclaraelr@xinhuanet.com,53 Bayside Terrace,uMrR6sdI9zEE,87.65,buyer
785,Artemus,Roma,aromals@time.com,54581 Knutson Center,c1ZEXwlQv9kz,96.92,buyer
786,Mireielle,Jaksic,mjaksiclt@meetup.com,39 Declaration Park,i9hHxlEzsMd,96.85,buyer
787,Bruis,Wrightson,bwrightsonlu@about.me,2 Dixon Trail,hNPFG6GEnO,130.78,seller
788,Lay,Glowacha,lglowachalv@ebay.co.uk,13808 5th Center,l4LIHWZ,33.29,buyer
789,Evita,Gornall,egornalllw@desdev.cn,8902 Westridge Center,tzPbRCIvWM1,136.19,buyer
790,Selle,Witz,switzlx@amazonaws.com,6572 Nancy Pass,f8q1WXvY6ySC,79.89,seller
791,Gabriell,McMillan,gmcmillanly@rakuten.co.jp,79 Northwestern Circle,2dx4qn9,146.47,seller
792,Hadleigh,Joscelyne,hjoscelynelz@tamu.edu,5 Messerschmidt Place,csbmxjaD8hzi,186.44,buyer
793,Blanche,Cockson,bcocksonm0@marketwatch.com,67447 Starling Street,9Akst1oA622r,113.52,buyer
794,Jeremiah,Eusden,jeusdenm1@godaddy.com,15817 Declaration Way,OdmDT73y2Efg,111.88,seller
795,Aile,Ellsworthe,aellsworthem2@moonfruit.com,07 Anthes Lane,RwQoWJQo,40.73,seller
796,Timmie,Inch,tinchm3@w3.org,51352 Steensland Hill,3IxwVvpJvIS,87.74,buyer
797,Constancia,Screen,cscreenm4@netvibes.com,47279 3rd Avenue,YeDlDNy8,217.54,seller
798,Ingeborg,Liccardi,iliccardim5@marketwatch.com,681 Dwight Parkway,ydW7zF,122.97,seller
799,Tammy,Francino,tfrancinom6@theatlantic.com,271 Lotheville Junction,TgZeilPkd,176.6,buyer
800,Daffy,Clampe,dclampem7@comcast.net,682 Kropf Alley,i7FJMbOYuGWa,46.85,buyer
801,Beverly,Fransewich,bfransewichm8@hud.gov,94 Killdeer Park,LtTURAhKCY,137.38,seller
802,Franz,McGunley,fmcgunleym9@imgur.com,11 Straubel Pass,gC93JgZ,100.92,buyer
803,Forrester,Kleinmintz,fkleinmintzma@mysql.com,858 Porter Hill,WUsB9W,87.15,buyer
804,Cal,Maccree,cmaccreemb@apache.org,403 Oriole Plaza,MDvE2FmTwe,103.39,buyer
805,Nikkie,Olsen,nolsenmc@tinypic.com,970 8th Road,qqzvg1OAW,55.42,buyer
806,Web,Cornilli,wcornillimd@alexa.com,0 Cascade Street,tRXodl,41.68,seller
807,Ulrich,Godsil,ugodsilme@microsoft.com,28586 Golf Drive,TPP5Wwmwrf8,21.01,seller
808,Irvin,Kellert,ikellertmf@friendfeed.com,02366 Fulton Plaza,krU6SsI,38.37,buyer
809,Nerta,Peet,npeetmg@reverbnation.com,67640 Maple Terrace,ZvNTG5fdz4,14.69,seller
810,Gina,Alennikov,galennikovmh@usda.gov,16 Schlimgen Hill,BE4noC,104.23,seller
811,Tann,Broseke,tbrosekemi@liveinternet.ru,6 5th Way,hEkXNZACge,45.63,buyer
812,Sandie,Killick,skillickmj@noaa.gov,60 Katie Street,3dbNeUxN,75.46,buyer
813,Nobie,Britee,nbriteemk@umn.edu,59 Anthes Place,Q3d5eDqw4JE,84.69,seller
814,Michaeline,Meindl,mmeindlml@skyrock.com,80 Northland Lane,FU8ufBqxPy,145.18,buyer
815,Candis,Knowlton,cknowltonmm@wordpress.org,68 Nelson Terrace,mTS92v,97,seller
816,Harriet,Paumier,hpaumiermn@ovh.net,8129 Nancy Center,UM9jcTdoQ,148.04,buyer
817,Nicola,Raiker,nraikermo@mit.edu,2436 Dunning Place,WaNcVsh2,120.15,seller
818,Fowler,Driutti,fdriuttimp@google.fr,491 Farragut Circle,SrTpxda,45.42,buyer
819,Maryjane,Albert,malbertmq@dailymotion.com,63250 East Lane,46NNI5cfRm,0.13,seller
820,North,Yantsurev,nyantsurevmr@aol.com,8801 Oak Lane,TQzWVaTTwX,128.68,seller
821,Caleb,Coneley,cconeleyms@patch.com,78431 Vahlen Lane,acqUEFg,180.39,seller
822,Gertrud,Scottesmoor,gscottesmoormt@dmoz.org,31460 Blue Bill Park Crossing,KtCAsmlaSu,149.58,buyer
823,Celle,Liddall,cliddallmu@devhub.com,35 Corscot Drive,WU5e0dHpdE,167.37,buyer
824,Abbye,Cowndley,acowndleymv@time.com,14551 Garrison Pass,qwA8WZ,102.24,buyer
825,Darin,Durban,ddurbanmw@sciencedirect.com,621 Lighthouse Bay Junction,CXv76TctquTT,112.39,seller
826,Enid,Lumbley,elumbleymx@sbwire.com,68 Cascade Parkway,dqHuAR3FH9,114.06,seller
827,Arabel,Lardez,alardezmy@jimdo.com,1 Banding Point,rJMcbIDm4b,100.9,buyer
828,Nichole,MacNair,nmacnairmz@google.ru,84 Quincy Avenue,h1h2jjkZhDqG,126.59,seller
829,Winne,Thibodeaux,wthibodeauxn0@sina.com.cn,90 Sycamore Drive,rWQBRO7,124.52,seller
830,Artie,Seawell,aseawelln1@blinklist.com,9 Bay Parkway,CVqAvlRliKT,44.78,seller
831,Hillier,Pettyfar,hpettyfarn2@microsoft.com,241 Monterey Court,3WXckc4kv999,79.19,seller
832,Saudra,Mozzini,smozzinin3@intel.com,1 Rutledge Crossing,yz2lpa8YO,92.92,buyer
833,Easter,Englefield,eenglefieldn4@ucoz.ru,66 Granby Way,0cowKR7QZtpo,163.24,buyer
834,Dilan,Vasilik,dvasilikn5@vkontakte.ru,9 Talisman Trail,AzhV2w,149.97,buyer
835,Cathee,Onslow,conslown6@forbes.com,3887 Arizona Place,NIC5NYt8a07,57.54,seller
836,Tarra,Abrehart,tabrehartn7@go.com,484 Chive Junction,pttxo3LvxC,120.48,buyer
837,Ellen,Leyrroyd,eleyrroydn8@wikia.com,72159 Arkansas Hill,faAJ2aL1,122.95,seller
838,Tersina,Tripcony,ttripconyn9@time.com,9224 Bartillon Parkway,iJAoNdq,146.02,seller
839,Mignonne,Spadoni,mspadonina@blogger.com,17 Dryden Junction,njeBkNAgiR,62.03,buyer
840,Jessamine,Short,jshortnb@chronoengine.com,3 Melby Lane,qGhNocExwRph,44.25,seller
841,Eydie,Rominov,erominovnc@weather.com,139 Merry Parkway,qVmYi6,76.81,seller
842,Savina,Mapstone,smapstonend@vinaora.com,5 Waywood Terrace,FhUtVk,91.09,buyer
843,Roana,Bignall,rbignallne@webnode.com,90 Spaight Center,cvkPCBxcmq,110.23,seller
844,Claresta,Bereford,cberefordnf@instagram.com,6 Armistice Court,7eZGaCH,86.02,buyer
845,Edita,Crimin,ecriminng@soup.io,29618 Bartillon Pass,GU4JLR1MewVf,70.4,seller
846,Wallis,Colrein,wcolreinnh@typepad.com,0 Thackeray Avenue,rHu6A2,86.86,seller
847,Leda,Dargue,ldargueni@nsw.gov.au,68 Harbort Way,y1IWKi,4.18,seller
848,Lana,Bratcher,lbratchernj@epa.gov,019 South Lane,xN4on9seNnK,90.14,seller
849,Gussy,Nimmo,gnimmonk@cbsnews.com,377 Dunning Plaza,6HGBN0qw,80.81,seller
850,Allen,Edmenson,aedmensonnl@github.com,514 Summit Crossing,JjkEEtIJJ,56.83,buyer
851,Berni,Blowne,bblownenm@cam.ac.uk,95315 Graceland Street,13fiBu0qs,82.11,buyer
852,Kristian,Savege,ksavegenn@guardian.co.uk,6 Northridge Pass,Nc1TIy,93.76,seller
853,Marti,Jacobssen,mjacobssenno@ustream.tv,2686 Clove Drive,3qCCipuGd3Zm,161.72,buyer
854,Erhard,Wetherill,ewetherillnp@icio.us,6 Main Point,M7ry7FmjkKl,111.15,buyer
855,Jo ann,Alejandre,jalejandrenq@msn.com,51802 Rusk Parkway,cihmdFkgF,14.6,buyer
856,Meir,Aldred,maldrednr@hexun.com,8 Westend Drive,gOHzFJdv,115.6,seller
857,Clevey,Angel,cangelns@soup.io,688 Hudson Court,aoFzavn,133.06,buyer
858,Wanids,Fairbeard,wfairbeardnt@reference.com,64103 Hoepker Circle,lGrDBunZOAi,139.8,buyer
859,Edithe,Tuffrey,etuffreynu@macromedia.com,2 Victoria Alley,oESClYXS2,116.02,buyer
860,Stephie,Bartlosz,sbartlosznv@rediff.com,23 Rieder Hill,1h0fsMLS,130.14,seller
861,Dario,Haggett,dhaggettnw@adobe.com,5878 Ridgeview Park,m8iRcURH46,91.04,seller
862,Conant,Theaker,ctheakernx@google.pl,402 Blackbird Circle,vtx5PLdFogr,163.57,buyer
863,Wynne,Vernham,wvernhamny@google.com,11 Kennedy Road,qsO1xIlS9U3,93.61,seller
864,See,Rawle,srawlenz@ning.com,733 Talmadge Point,PEXk7p2kYCGh,78.21,seller
865,Dianne,Diche,ddicheo0@dedecms.com,890 Knutson Terrace,vGRanTMNp1,39.69,seller
866,Iosep,Habbergham,ihabberghamo1@nbcnews.com,46 3rd Lane,KXiW9JVpZ,119.84,buyer
867,Parke,Guterson,pgutersono2@wordpress.org,4418 Village Plaza,XE3oZD4w9gs,104.06,seller
868,Corrine,Angeau,cangeauo3@flavors.me,8 Lakewood Lane,itOs6SOJ,155.47,buyer
869,Alica,Maywood,amaywoodo4@yale.edu,26 Sunnyside Hill,t3gfzOkw,179.24,buyer
870,Juliann,Cromie,jcromieo5@e-recht24.de,52 Miller Center,JcXqLjr,68.4,seller
871,Adiana,Shalcros,ashalcroso6@microsoft.com,7673 Moland Pass,PWt0uZ,53.95,buyer
872,Ericka,Moxham,emoxhamo7@twitter.com,5 Colorado Crossing,Cg6aR4,130.7,seller
873,Vergil,Bunn,vbunno8@addthis.com,07910 Roxbury Pass,hjWT4k,108.72,buyer
874,Hasty,Chesher,hcheshero9@ucla.edu,752 Tony Terrace,5Fw5BXxrTUV,104.99,buyer
875,Colin,Torrance,ctorranceoa@topsy.com,272 Fisk Place,rS5u1iXvjvQY,189.95,buyer
876,Weston,Gomby,wgombyob@freewebs.com,69793 Dovetail Center,2WV0HscE,66.38,buyer
877,Warden,Blenkharn,wblenkharnoc@ucsd.edu,8 Spohn Road,POQgz7,187.86,buyer
878,Ricki,Ambrosi,rambrosiod@senate.gov,063 Michigan Court,GAm0mZBI,36.58,buyer
879,Shelby,Devennie,sdevennieoe@washington.edu,292 Randy Drive,suNUGKrly0,64.91,seller
880,Marcos,Lynett,mlynettof@sogou.com,27365 Hoard Center,J6LYBp0GuwQ,68.55,seller
881,Hortensia,Dashper,hdashperog@walmart.com,9 Orin Point,SwzWjjh,58.89,buyer
882,Ginelle,Bris,gbrisoh@gizmodo.com,50 Florence Park,ksCIzfSYHf,147.72,buyer
883,Kariotta,Price,kpriceoi@cam.ac.uk,13527 Bay Hill,AJT5MW,92.13,buyer
884,Basile,Loges,blogesoj@ocn.ne.jp,9 Ohio Street,cSwMo7Qvn,209.41,seller
885,Kiel,Jeffree,kjeffreeok@free.fr,9993 Meadow Vale Plaza,lzClT5,53.83,seller
886,Thibaut,Houdmont,thoudmontol@chronoengine.com,814 Lien Point,lbOcuIdC,95.8,buyer
887,Oby,Gilardengo,ogilardengoom@google.de,898 Blue Bill Park Drive,6o1Kiz4Qv,146.36,buyer
888,Percy,Strudwick,pstrudwickon@java.com,844 Hazelcrest Way,iMtXafSZf,48.54,buyer
889,Kathleen,Passman,kpassmanoo@tripadvisor.com,037 Cardinal Junction,4Ax6bg4,178.88,seller
890,Minnie,Dudmesh,mdudmeshop@tripadvisor.com,7129 Old Shore Pass,CnpvScfgN,9.47,seller
891,Cross,McNamara,cmcnamaraoq@hexun.com,2 Sheridan Road,jd0WdI,112.96,seller
892,Abbie,Coushe,acousheor@redcross.org,5736 Mifflin Junction,lWok3m9cPo,108.03,seller
893,Huey,Ainscow,hainscowos@about.me,4823 Dorton Alley,YmXpFxFQrDp,123.25,seller
894,Merlina,Alebrooke,malebrookeot@engadget.com,854 Cardinal Alley,yHrLAh,60.78,seller
895,Garald,Sambals,gsambalsou@phoca.cz,68609 Marcy Drive,JzPLvldo1YdW,70.24,buyer
896,Madelin,Brecknock,mbrecknockov@plala.or.jp,70969 Orin Center,licIVLACsXzA,131.36,seller
897,Hillyer,Baldacchi,hbaldacchiow@senate.gov,76 Kingsford Lane,XfMaVjW8,131.99,buyer
898,Gannie,Cato,gcatoox@uol.com.br,2998 Stoughton Road,MuYDm8N761x,15.14,seller
899,Kelley,Dabrowski,kdabrowskioy@google.cn,88778 Vahlen Crossing,S3Yyc1K,93.8,buyer
900,Laughton,Axel,laxeloz@youtube.com,17249 Pond Point,PxtGPEoHd66c,123.34,buyer
901,Neils,Bendan,nbendanp0@miitbeian.gov.cn,550 Myrtle Pass,x6dukyFjHKHR,152.15,buyer
902,Marget,Lewcock,mlewcockp1@nytimes.com,87 Di Loreto Plaza,sxUsXM4a,122.71,buyer
903,Rosabelle,Walhedd,rwalheddp2@dell.com,5217 Eagle Crest Hill,X4fDSk6,161.69,seller
904,Marlo,Potes,mpotesp3@sourceforge.net,7044 Spohn Way,WYBFMw1uJ,53.06,buyer
905,Giraud,Sinnocke,gsinnockep4@ustream.tv,51396 Moland Circle,yceqHfuEaVq,118.58,buyer
906,Allyson,Berthot,aberthotp5@theglobeandmail.com,82 International Crossing,ENfEbpP0,137.16,buyer
907,Dillon,Paine,dpainep6@ft.com,24575 Harbort Drive,d7JVEzDaon7a,28.97,buyer
908,Deck,Steane,dsteanep7@godaddy.com,6 Carioca Junction,vzNzBSjCGv7c,159.77,buyer
909,Budd,Fromont,bfromontp8@typepad.com,1265 Rieder Junction,LYrruqiWhuW,150.97,seller
910,Augusto,Theuss,atheussp9@toplist.cz,0 Myrtle Hill,ck5ywUUWe,86.75,buyer
911,Fidel,Neggrini,fneggrinipa@aol.com,22 Veith Drive,2qyzd9w,25.16,buyer
912,Lynn,Woodage,lwoodagepb@unicef.org,61 Clove Center,jc4vBo1,119.5,seller
913,Thelma,Cowill,tcowillpc@chicagotribune.com,91 Thierer Court,b2zh0joLW0Ci,132.87,seller
914,Lev,Mallows,lmallowspd@t-online.de,54548 Almo Point,NLhJzeJtuVSb,2.18,seller
915,Ethe,Bullene,ebullenepe@mozilla.org,6728 Buhler Trail,hz8IQse,66,seller
916,Jeremy,Gaunt,jgauntpf@odnoklassniki.ru,14 Green Point,Hgcq5Bu,96.36,buyer
917,Lydia,Bewlay,lbewlaypg@jugem.jp,12 Steensland Plaza,yu9zem89dP,12.56,seller
918,Chadwick,Menat,cmenatph@so-net.ne.jp,9 Schlimgen Center,p7xSTbbA,60.16,buyer
919,Helena,Zienkiewicz,hzienkiewiczpi@pcworld.com,49 Rowland Hill,Z7SO2dE,13.03,seller
920,Pepita,Doudny,pdoudnypj@arstechnica.com,62 Becker Trail,ey4nURMr,68.19,seller
921,Delainey,Willshere,dwillsherepk@4shared.com,0 Paget Lane,GNE8Lw,112.19,buyer
922,Norris,Deroche,nderochepl@mashable.com,8941 Muir Way,c2nZxs2,32.68,seller
923,Doyle,Drinnan,ddrinnanpm@etsy.com,63175 Charing Cross Trail,QUoEdGj,140.66,buyer
924,Carley,Ferrandez,cferrandezpn@nasa.gov,61 Prentice Junction,L5tCVn9jLeo,98.87,buyer
925,Thayne,Harriott,tharriottpo@loc.gov,38550 Jay Park,lDJhWIxA5,125.09,buyer
926,Arnie,Archer,aarcherpp@seesaa.net,04423 Crownhardt Circle,eH1HP3FJCg7,21.28,seller
927,Edyth,Giffkins,egiffkinspq@redcross.org,337 Texas Parkway,FWOJQuHZkThI,114.01,seller
928,Noach,Kristufek,nkristufekpr@last.fm,2 Manufacturers Court,wtUEj14a20JV,111.99,buyer
929,Cindi,Blanchard,cblanchardps@deliciousdays.com,365 Macpherson Way,bm92MoG,14.93,buyer
930,Eleonora,Cradoc,ecradocpt@arstechnica.com,1797 Fallview Junction,ub4Z0LEwoVq,124.98,seller
931,Lexis,Menichino,lmenichinopu@gizmodo.com,26524 Monterey Parkway,WqBnaAcIYy,62.04,buyer
932,Marcelline,Oughtright,moughtrightpv@linkedin.com,06065 Moulton Way,fERKmFha2,84.01,buyer
933,Bord,Kegan,bkeganpw@mapy.cz,534 Mcbride Alley,sWZWVY,64.78,buyer
934,Flynn,Broadbridge,fbroadbridgepx@constantcontact.com,920 Shasta Drive,oNCYvPyCQ,63.96,buyer
935,Gus,Lingner,glingnerpy@shutterfly.com,05 John Wall Plaza,KoGsHe3Cp6CN,128.48,buyer
936,Lorrayne,Broddle,lbroddlepz@reference.com,24 Bultman Place,o69faPqc1PZ,14.49,buyer
937,Agatha,Stroder,astroderq0@cnn.com,45769 Eagan Court,ghz7cDclz5,65.51,seller
938,Corette,Scrymgeour,cscrymgeourq1@reverbnation.com,37329 David Plaza,KhpAin,139.45,seller
939,Dru,Bonner,dbonnerq2@blogspot.com,27100 Sage Crossing,brwTUciy4,90.25,seller
940,Darryl,Simanek,dsimanekq3@arizona.edu,8542 Crownhardt Terrace,TcIO1Eev2bL,25.3,buyer
941,Harald,Cornthwaite,hcornthwaiteq4@myspace.com,78328 Dorton Park,GjYhf89uv,108.55,buyer
942,Zachary,Bromidge,zbromidgeq5@netvibes.com,39 Elgar Avenue,TsYrsoG,93.37,seller
943,Birdie,Emney,bemneyq6@umich.edu,57 Bonner Avenue,q81bcy2tT9Cm,147.81,seller
944,Caria,Claypoole,cclaypooleq7@unesco.org,6377 Hoard Avenue,927LSxQLH,89.25,seller
945,Bell,Took,btookq8@ucoz.ru,7227 Tomscot Trail,laAPqaqGWzV,11.1,seller
946,Demetri,Hammerton,dhammertonq9@ehow.com,3660 Shasta Crossing,nJ4EMTj2a,89.35,buyer
947,Ira,Klagges,iklaggesqa@ocn.ne.jp,51 Sycamore Road,5BgJHaw,59.71,buyer
948,Linell,Brech,lbrechqb@google.fr,5178 Tennessee Park,EpIUVO,66.8,buyer
949,Bev,Empringham,bempringhamqc@indiegogo.com,9 Hollow Ridge Alley,1GgWrv3,44.23,seller
950,Jacquette,Delong,jdelongqd@craigslist.org,34 Northfield Court,oeuJjSJwA,104.02,buyer
951,Fredrick,Atteridge,fatteridgeqe@devhub.com,8133 Vahlen Drive,82cfW7S6,72.54,buyer
952,Rici,Garron,rgarronqf@mac.com,55 Cherokee Place,c77OXRs,173.75,seller
953,Gabbey,Filipov,gfilipovqg@ucoz.com,31932 Dwight Court,j2mySx7xhe0,18.36,buyer
954,Broddy,Reece,breeceqh@washingtonpost.com,59622 Hollow Ridge Parkway,C4RRuwkwK,0.55,buyer
955,Adiana,Hayler,ahaylerqi@youtu.be,2 Leroy Avenue,VH6sz6q,157.8,seller
956,Maegan,Jeanon,mjeanonqj@g.co,7637 Duke Alley,ZWZ3yURMN,80.78,seller
957,Hillier,Hicken,hhickenqk@sun.com,6 Lerdahl Center,nDcbId,22.89,buyer
958,Imogene,Neal,inealql@cdbaby.com,82 Buena Vista Drive,WwohvTT,123.03,buyer
959,Amanda,Mathelin,amathelinqm@artisteer.com,4 Ohio Parkway,VoXIVJHyoe,117.75,buyer
960,Even,Woodland,ewoodlandqn@gravatar.com,2345 Tennessee Trail,u8xAoU2T,116.67,buyer
961,Davidde,Omrod,domrodqo@tiny.cc,1637 Warrior Pass,BvnjFlMPoAq,123.95,buyer
962,Marco,Clapton,mclaptonqp@walmart.com,82747 Sullivan Pass,uPC0gEwIG,18.13,seller
963,Brianna,Dannel,bdannelqq@163.com,22 Division Point,obgg0WigF,185.68,buyer
964,Thor,Viccars,tviccarsqr@mashable.com,44 Transport Place,gY6VAmvP5T,176.91,seller
965,Lek,Sommerland,lsommerlandqs@boston.com,191 Fairview Trail,gGYffD,170.52,buyer
966,Ellette,Refford,ereffordqt@yellowpages.com,4306 Eastlawn Junction,trLElxg,69.2,seller
967,Licha,Fink,lfinkqu@rediff.com,44541 Dwight Crossing,sbHMplj,125.5,seller
968,Bradford,Jenkerson,bjenkersonqv@seattletimes.com,4 Mandrake Pass,LIEEwB3IB,82.74,buyer
969,Petunia,Lippo,plippoqw@sciencedaily.com,81 Melody Pass,BpWJ2nT,75.49,buyer
970,Annabela,Sauvain,asauvainqx@flickr.com,01930 Jay Street,xO7LWaI,97.49,seller
971,Dale,Kuhle,dkuhleqy@ehow.com,670 La Follette Park,UvZAI3bWzb,17.15,buyer
972,Vallie,Beggi,vbeggiqz@omniture.com,586 Dovetail Lane,kQ95f2DMsi,90.96,seller
973,Saudra,Stein,ssteinr0@vinaora.com,662 Bartillon Hill,hU9DhYOU3Og,72.45,seller
974,Perri,Brunini,pbruninir1@posterous.com,5 Logan Court,XSRaDOPl3nk,80.12,buyer
975,Deanna,Strickler,dstricklerr2@howstuffworks.com,022 Hazelcrest Pass,lUSH2IhGEL,157.97,seller
976,Delmar,Adanet,dadanetr3@un.org,70 Moland Terrace,Cpzs2DmdGt,100.06,buyer
977,Gussie,Rubra,grubrar4@squidoo.com,30155 Mesta Way,HVqSg2Dbv,128.11,buyer
978,Alix,Ponting,apontingr5@bing.com,9804 Veith Junction,4imL6sb,177,seller
979,Armstrong,Hurdis,ahurdisr6@house.gov,0486 Fremont Lane,iGxpa7WRd,71.56,buyer
980,Laurena,Raddan,lraddanr7@blogger.com,424 Orin Place,XfwnMY,128.26,seller
981,Timoteo,Michelmore,tmichelmorer8@guardian.co.uk,6893 Lighthouse Bay Center,EZ3Cn6I5wJr3,125.08,seller
982,Ingunna,Benaine,ibenainer9@senate.gov,5 Jenifer Street,bi9ZVs,78.26,buyer
983,Pete,Chandlar,pchandlarra@acquirethisname.com,500 Burrows Street,MMJu7C88g,72.46,buyer
984,Amye,Nitti,anittirb@google.com.au,30726 Shasta Street,3V3kZ7,202.22,seller
985,Dacy,Hischke,dhischkerc@sakura.ne.jp,5 Summer Ridge Place,afkf8MZzeM,28.76,buyer
986,Thatcher,Dunsmore,tdunsmorerd@un.org,78 Nevada Center,LOzprPtRRJ,139.72,buyer
987,Ailis,Stovine,astovinere@economist.com,023 Russell Avenue,W4OI7A,114.22,seller
988,Filbert,Forcade,fforcaderf@mtv.com,3 Eastlawn Crossing,p2nrgl,112.66,buyer
989,Amory,Courson,acoursonrg@dailymotion.com,1630 Sauthoff Circle,r5e54H,107.29,seller
990,Terri,Johnsey,tjohnseyrh@hud.gov,400 Bultman Center,y6Az7iji,10.25,buyer
991,Nehemiah,Milier,nmilierri@godaddy.com,2669 Hooker Plaza,ExmDU1,101.39,seller
992,Sigrid,Clayborn,sclaybornrj@vimeo.com,08 Esch Pass,xsqhbo,180.65,seller
993,Rinaldo,Espine,respinerk@odnoklassniki.ru,86 Boyd Center,0fHvNq,128.68,seller
994,Darlleen,Belchamber,dbelchamberrl@google.es,4 Iowa Parkway,ttw2b5wAj90,162.51,buyer
995,Davide,Bawme,dbawmerm@netlog.com,9204 Towne Road,oTjwbp,27.2,buyer
996,Juana,Henkmann,jhenkmannrn@yale.edu,40487 Mariners Cove Center,Z7gU0mLIcBi,2.79,seller
997,Tailor,Turnpenny,tturnpennyro@symantec.com,7 Victoria Circle,gEMz7Wk,110.49,seller
998,Paton,Badrock,pbadrockrp@bizjournals.com,14 Kinsman Alley,gntRym3tlI9G,132.78,seller
999,Lindy,Labbey,llabbeyrq@discovery.com,4829 Stuart Way,dSG6Rqm21HYB,117.47,seller
1000,Corny,Lambell,clambellrr@webmd.com,4293 Commercial Street,YxfPmHhF,137.87,seller
